{"type":"FeatureCollection","features":[{"type":"Feature","properties":{"name":"Achham","province":"7"},"geometry":{"type":"Polygon","coordinates":[[[81.171,29.387],[81.201,29.365],[81.249,29.351],[81.259,29.338],[81.254,29.326],[81.268,29.302],[81.295,29.31],[81.309,29.325],[81.33,29.314],[81.332,29.305],[81.354,29.284],[81.367,29.285],[81.383,29.297],[81.382,29.303],[81.397,29.285],[81.417,29.277],[81.429,29.286],[81.443,29.287],[81.494,29.258],[81.5,29.239],[81.487,29.227],[81.482,29.201],[81.497,29.155],[81.525,29.153],[81.535,29.137],[81.566,29.126],[81.524,29.104],[81.51,29.091],[81.469,29.078],[81.467,29.067],[81.444,29.054],[81.44,29.04],[81.418,29.021],[81.419,29.004],[81.41,28.997],[81.425,28.98],[81.424,28.966],[81.433,28.957],[81.444,28.959],[81.445,28.94],[81.467,28.929],[81.492,28.894],[81.509,28.89],[81.532,28.856],[81.557,28.798],[81.58,28.78],[81.578,28.756],[81.52,28.749],[81.535,28.761],[81.528,28.775],[81.515,28.78],[81.522,28.803],[81.498,28.821],[81.491,28.841],[81.463,28.853],[81.465,28.894],[81.441,28.9],[81.432,28.911],[81.414,28.914],[81.394,28.909],[81.375,28.893],[81.355,28.89],[81.342,28.893],[81.337,28.907],[81.324,28.908],[81.316,28.92],[81.302,28.926],[81.284,28.922],[81.266,28.903],[81.246,28.915],[81.237,28.906],[81.204,28.908],[81.195,28.916],[81.169,28.921],[81.121,28.963],[81.104,28.966],[81.105,28.978],[81.119,28.974],[81.145,28.993],[81.15,29.006],[81.145,29.035],[81.131,29.059],[81.121,29.065],[81.12,29.072],[81.129,29.081],[81.11,29.085],[81.109,29.098],[81.065,29.135],[81.066,29.145],[81.056,29.149],[81.059,29.159],[81.049,29.163],[81.046,29.184],[81.03,29.186],[81.027,29.195],[81.064,29.198],[81.091,29.215],[81.102,29.215],[81.113,29.228],[81.113,29.24],[81.097,29.248],[81.1,29.261],[81.121,29.299],[81.136,29.305],[81.144,29.349],[81.155,29.363],[81.153,29.382],[81.171,29.387]]]}},{"type":"Feature","properties":{"name":"Arghakhanchi","province":"5"},"geometry":{"type":"Polygon","coordinates":[[[83.005,28.112],[83.029,28.099],[83.04,28.106],[83.045,28.101],[83.049,28.111],[83.069,28.11],[83.067,28.098],[83.073,28.091],[83.099,28.095],[83.096,28.082],[83.102,28.077],[83.125,28.084],[83.125,28.069],[83.15,28.06],[83.184,28.088],[83.23,28.048],[83.234,28.021],[83.253,27.987],[83.263,27.989],[83.28,27.968],[83.301,27.968],[83.303,27.955],[83.284,27.942],[83.279,27.931],[83.287,27.925],[83.308,27.928],[83.307,27.915],[83.298,27.909],[83.311,27.902],[83.309,27.889],[83.33,27.875],[83.317,27.86],[83.301,27.86],[83.31,27.852],[83.298,27.844],[83.29,27.828],[83.248,27.832],[83.231,27.823],[83.248,27.808],[83.245,27.79],[83.258,27.785],[83.246,27.751],[83.238,27.75],[83.226,27.763],[83.186,27.754],[83.127,27.769],[83.122,27.762],[83.1,27.769],[83.093,27.783],[83.09,27.771],[83.087,27.775],[83.067,27.765],[83.066,27.758],[83.058,27.764],[83.053,27.757],[83.05,27.769],[83.016,27.81],[83.02,27.821],[82.996,27.793],[82.961,27.796],[82.93,27.784],[82.899,27.794],[82.799,27.794],[82.794,27.806],[82.787,27.803],[82.788,27.794],[82.749,27.823],[82.756,27.835],[82.781,27.843],[82.792,27.856],[82.807,27.857],[82.792,27.865],[82.809,27.868],[82.805,27.879],[82.824,27.906],[82.848,27.901],[82.867,27.91],[82.877,27.901],[82.895,27.914],[82.916,27.904],[82.929,27.923],[82.943,27.931],[82.969,27.926],[82.984,27.93],[82.988,27.925],[83.004,27.932],[83.01,27.92],[83.014,27.923],[83.017,27.957],[83.0,27.978],[82.989,27.977],[82.976,27.984],[82.974,27.992],[82.964,27.988],[82.952,27.994],[82.974,28.007],[82.975,28.031],[82.962,28.046],[83.002,28.096],[83.005,28.112]]]}},{"type":"Feature","properties":{"name":"Baglung","province":"4"},"geometry":{"type":"Polygon","coordinates":[[[83.1,28.634],[83.107,28.632],[83.104,28.61],[83.109,28.581],[83.101,28.567],[83.102,28.541],[83.126,28.528],[83.131,28.496],[83.169,28.493],[83.219,28.514],[83.258,28.501],[83.255,28.496],[83.274,28.494],[83.284,28.475],[83.297,28.47],[83.298,28.456],[83.288,28.446],[83.273,28.442],[83.275,28.43],[83.28,28.433],[83.297,28.416],[83.29,28.397],[83.282,28.393],[83.287,28.38],[83.279,28.368],[83.312,28.355],[83.336,28.371],[83.364,28.371],[83.378,28.355],[83.411,28.358],[83.424,28.341],[83.439,28.34],[83.444,28.329],[83.485,28.32],[83.498,28.324],[83.527,28.315],[83.535,28.303],[83.559,28.317],[83.585,28.31],[83.602,28.297],[83.61,28.259],[83.668,28.231],[83.674,28.218],[83.672,28.205],[83.64,28.175],[83.644,28.167],[83.634,28.151],[83.639,28.136],[83.629,28.122],[83.605,28.111],[83.589,28.081],[83.581,28.077],[83.575,28.088],[83.563,28.092],[83.565,28.101],[83.548,28.12],[83.532,28.117],[83.51,28.127],[83.486,28.113],[83.474,28.119],[83.478,28.13],[83.474,28.132],[83.423,28.125],[83.39,28.167],[83.384,28.164],[83.356,28.198],[83.33,28.189],[83.306,28.198],[83.274,28.188],[83.252,28.214],[83.234,28.222],[83.215,28.248],[83.185,28.271],[83.168,28.258],[83.156,28.271],[83.131,28.25],[83.124,28.258],[83.11,28.252],[83.094,28.257],[83.097,28.277],[83.069,28.302],[83.067,28.313],[83.045,28.325],[83.033,28.322],[83.004,28.333],[82.994,28.351],[82.98,28.359],[82.955,28.36],[82.944,28.398],[82.916,28.403],[82.914,28.434],[82.886,28.452],[82.879,28.474],[82.887,28.48],[82.904,28.475],[82.912,28.481],[82.877,28.515],[82.895,28.515],[82.914,28.528],[82.914,28.556],[82.921,28.567],[82.974,28.542],[82.977,28.546],[82.985,28.571],[82.962,28.582],[82.953,28.598],[82.956,28.611],[82.977,28.629],[83.019,28.622],[83.043,28.63],[83.058,28.62],[83.1,28.634]]]}},{"type":"Feature","properties":{"name":"Baitadi","province":"7"},"geometry":{"type":"Polygon","coordinates":[[[80.708,29.699],[80.78,29.702],[80.796,29.688],[80.792,29.678],[80.781,29.678],[80.779,29.666],[80.771,29.669],[80.763,29.662],[80.762,29.647],[80.791,29.641],[80.781,29.633],[80.787,29.603],[80.778,29.587],[80.777,29.56],[80.771,29.552],[80.748,29.553],[80.748,29.531],[80.781,29.523],[80.788,29.507],[80.817,29.516],[80.824,29.51],[80.823,29.501],[80.845,29.489],[80.856,29.469],[80.875,29.464],[80.883,29.443],[80.908,29.441],[80.875,29.412],[80.862,29.414],[80.852,29.408],[80.86,29.396],[80.852,29.377],[80.835,29.381],[80.815,29.365],[80.786,29.366],[80.779,29.379],[80.762,29.386],[80.767,29.4],[80.741,29.402],[80.721,29.41],[80.719,29.419],[80.707,29.415],[80.682,29.425],[80.669,29.419],[80.679,29.401],[80.658,29.392],[80.651,29.383],[80.616,29.397],[80.582,29.396],[80.576,29.412],[80.552,29.419],[80.548,29.399],[80.532,29.392],[80.503,29.399],[80.48,29.386],[80.458,29.396],[80.441,29.386],[80.438,29.393],[80.431,29.393],[80.416,29.374],[80.419,29.369],[80.414,29.356],[80.403,29.356],[80.402,29.361],[80.386,29.356],[80.386,29.349],[80.38,29.354],[80.378,29.349],[80.368,29.35],[80.366,29.34],[80.372,29.338],[80.363,29.327],[80.353,29.334],[80.327,29.309],[80.291,29.33],[80.28,29.348],[80.279,29.36],[80.271,29.364],[80.271,29.374],[80.279,29.379],[80.275,29.392],[80.242,29.412],[80.247,29.432],[80.243,29.444],[80.258,29.452],[80.274,29.45],[80.269,29.455],[80.276,29.459],[80.281,29.451],[80.303,29.453],[80.287,29.477],[80.299,29.491],[80.313,29.485],[80.314,29.499],[80.332,29.513],[80.345,29.514],[80.358,29.533],[80.342,29.54],[80.343,29.553],[80.364,29.557],[80.364,29.564],[80.379,29.561],[80.379,29.571],[80.388,29.572],[80.408,29.595],[80.409,29.605],[80.418,29.607],[80.418,29.614],[80.427,29.612],[80.437,29.62],[80.442,29.617],[80.45,29.625],[80.467,29.62],[80.497,29.625],[80.506,29.645],[80.559,29.671],[80.574,29.687],[80.634,29.691],[80.652,29.681],[80.674,29.687],[80.689,29.705],[80.708,29.699]]]}},{"type":"Feature","properties":{"name":"Bajhang","province":"7"},"geometry":{"type":"Polygon","coordinates":[[[81.09,30.054],[81.118,30.034],[81.124,30.02],[81.149,30.012],[81.178,30.015],[81.184,30.011],[81.195,30.023],[81.207,30.021],[81.217,30.007],[81.245,30.011],[81.253,30.024],[81.237,30.032],[81.272,30.045],[81.291,30.035],[81.315,30.033],[81.319,30.026],[81.357,30.011],[81.382,30.007],[81.401,30.023],[81.457,30.001],[81.47,29.973],[81.467,29.961],[81.453,29.951],[81.463,29.921],[81.456,29.901],[81.471,29.89],[81.493,29.887],[81.506,29.894],[81.513,29.887],[81.533,29.884],[81.565,29.852],[81.558,29.81],[81.547,29.795],[81.561,29.771],[81.552,29.753],[81.541,29.747],[81.511,29.75],[81.508,29.739],[81.524,29.711],[81.515,29.701],[81.516,29.679],[81.446,29.647],[81.427,29.644],[81.418,29.624],[81.419,29.598],[81.398,29.577],[81.4,29.558],[81.371,29.55],[81.351,29.53],[81.339,29.505],[81.315,29.492],[81.317,29.483],[81.291,29.475],[81.308,29.46],[81.303,29.451],[81.262,29.434],[81.25,29.422],[81.252,29.413],[81.226,29.412],[81.202,29.396],[81.193,29.402],[81.187,29.398],[81.184,29.407],[81.171,29.412],[81.164,29.395],[81.144,29.391],[81.132,29.404],[81.119,29.396],[81.096,29.408],[81.063,29.405],[81.048,29.413],[81.034,29.412],[81.023,29.422],[80.971,29.4],[80.939,29.398],[80.912,29.445],[80.884,29.442],[80.875,29.464],[80.856,29.469],[80.845,29.489],[80.823,29.501],[80.824,29.51],[80.817,29.516],[80.788,29.507],[80.781,29.523],[80.748,29.531],[80.748,29.553],[80.771,29.552],[80.777,29.56],[80.778,29.587],[80.787,29.603],[80.781,29.633],[80.791,29.641],[80.762,29.647],[80.763,29.662],[80.771,29.669],[80.779,29.666],[80.781,29.678],[80.792,29.678],[80.796,29.688],[80.84,29.687],[80.858,29.696],[80.865,29.706],[80.94,29.735],[80.975,29.722],[80.988,29.741],[81.02,29.748],[81.032,29.742],[81.038,29.753],[81.057,29.758],[81.063,29.768],[81.062,29.794],[81.069,29.803],[81.07,29.828],[81.055,29.83],[81.04,29.841],[81.041,29.882],[81.028,29.906],[81.001,29.928],[81.022,29.959],[81.015,29.981],[81.026,29.988],[81.038,30.015],[81.069,30.044],[81.09,30.054]]]}},{"type":"Feature","properties":{"name":"Bajura","province":"7"},"geometry":{"type":"Polygon","coordinates":[[[81.698,29.941],[81.697,29.932],[81.71,29.927],[81.716,29.909],[81.78,29.911],[81.8,29.901],[81.794,29.896],[81.794,29.849],[81.781,29.839],[81.78,29.807],[81.774,29.798],[81.765,29.802],[81.74,29.792],[81.73,29.769],[81.727,29.734],[81.714,29.722],[81.697,29.678],[81.704,29.645],[81.699,29.642],[81.716,29.621],[81.737,29.607],[81.774,29.606],[81.79,29.597],[81.799,29.577],[81.793,29.531],[81.777,29.517],[81.781,29.509],[81.762,29.505],[81.788,29.5],[81.807,29.466],[81.805,29.439],[81.789,29.389],[81.769,29.392],[81.761,29.387],[81.75,29.367],[81.752,29.352],[81.74,29.334],[81.703,29.331],[81.691,29.321],[81.67,29.317],[81.648,29.321],[81.642,29.334],[81.644,29.356],[81.626,29.369],[81.576,29.363],[81.567,29.348],[81.558,29.358],[81.524,29.315],[81.508,29.315],[81.484,29.28],[81.468,29.272],[81.443,29.287],[81.429,29.286],[81.417,29.277],[81.396,29.285],[81.382,29.303],[81.383,29.297],[81.367,29.285],[81.354,29.284],[81.332,29.305],[81.33,29.314],[81.309,29.325],[81.295,29.31],[81.268,29.302],[81.254,29.326],[81.259,29.338],[81.249,29.351],[81.201,29.365],[81.17,29.387],[81.193,29.402],[81.202,29.396],[81.226,29.412],[81.252,29.413],[81.25,29.422],[81.262,29.434],[81.303,29.451],[81.308,29.46],[81.291,29.475],[81.317,29.483],[81.315,29.492],[81.339,29.505],[81.351,29.53],[81.371,29.55],[81.4,29.558],[81.398,29.577],[81.419,29.598],[81.418,29.624],[81.427,29.644],[81.446,29.647],[81.516,29.679],[81.515,29.701],[81.524,29.711],[81.508,29.743],[81.513,29.754],[81.54,29.747],[81.552,29.754],[81.561,29.771],[81.547,29.795],[81.558,29.81],[81.565,29.851],[81.542,29.878],[81.506,29.894],[81.517,29.905],[81.512,29.917],[81.517,29.923],[81.535,29.928],[81.549,29.923],[81.585,29.937],[81.603,29.93],[81.613,29.943],[81.627,29.938],[81.645,29.948],[81.665,29.94],[81.687,29.949],[81.698,29.941]]]}},{"type":"Feature","properties":{"name":"Banke","province":"5"},"geometry":{"type":"Polygon","coordinates":[[[81.674,28.338],[81.702,28.335],[81.725,28.316],[81.761,28.309],[81.767,28.301],[81.786,28.295],[81.794,28.274],[81.808,28.283],[81.844,28.272],[81.865,28.25],[81.861,28.239],[81.883,28.244],[81.897,28.233],[81.922,28.227],[81.927,28.209],[81.952,28.194],[81.963,28.194],[81.965,28.185],[81.978,28.183],[82.003,28.158],[82.018,28.134],[82.021,28.099],[82.107,28.073],[82.159,28.047],[82.174,28.046],[82.194,28.025],[82.186,27.995],[82.193,27.974],[82.192,27.953],[82.134,27.962],[82.12,27.949],[82.114,27.953],[82.1,27.949],[82.095,27.955],[82.088,27.95],[82.07,27.953],[82.064,27.941],[82.068,27.924],[82.063,27.922],[81.968,27.929],[81.925,27.876],[81.926,27.86],[81.9,27.854],[81.885,27.857],[81.833,27.898],[81.805,27.903],[81.698,27.988],[81.644,27.994],[81.624,28.001],[81.617,28.01],[81.505,28.069],[81.504,28.076],[81.514,28.074],[81.525,28.084],[81.511,28.091],[81.503,28.104],[81.511,28.108],[81.501,28.118],[81.506,28.123],[81.499,28.127],[81.504,28.128],[81.499,28.145],[81.522,28.157],[81.517,28.162],[81.524,28.174],[81.518,28.179],[81.529,28.183],[81.528,28.195],[81.562,28.207],[81.562,28.218],[81.564,28.214],[81.572,28.218],[81.589,28.24],[81.59,28.235],[81.606,28.236],[81.613,28.249],[81.647,28.266],[81.647,28.277],[81.641,28.28],[81.653,28.294],[81.662,28.287],[81.677,28.322],[81.678,28.314],[81.691,28.328],[81.685,28.326],[81.685,28.332],[81.676,28.333],[81.674,28.338]]]}},{"type":"Feature","properties":{"name":"Bara","province":"2"},"geometry":{"type":"Polygon","coordinates":[[[84.997,27.365],[85.004,27.353],[85.021,27.352],[85.025,27.359],[85.056,27.366],[85.061,27.36],[85.087,27.361],[85.095,27.332],[85.104,27.32],[85.117,27.318],[85.126,27.293],[85.145,27.283],[85.145,27.273],[85.156,27.262],[85.192,27.245],[85.202,27.25],[85.232,27.243],[85.243,27.249],[85.252,27.245],[85.258,27.229],[85.271,27.226],[85.263,27.222],[85.265,27.213],[85.251,27.19],[85.246,27.159],[85.232,27.145],[85.231,27.134],[85.197,27.107],[85.202,27.084],[85.194,27.077],[85.2,27.066],[85.192,27.065],[85.183,27.05],[85.196,27.051],[85.195,27.043],[85.201,27.039],[85.177,27.038],[85.198,27.028],[85.183,27.019],[85.187,27.008],[85.178,27.003],[85.164,26.98],[85.172,26.977],[85.168,26.955],[85.176,26.947],[85.164,26.938],[85.179,26.929],[85.17,26.92],[85.177,26.907],[85.171,26.9],[85.176,26.894],[85.164,26.893],[85.163,26.889],[85.168,26.889],[85.173,26.879],[85.166,26.879],[85.176,26.869],[85.111,26.873],[85.087,26.867],[85.087,26.853],[85.078,26.859],[85.064,26.85],[85.065,26.857],[85.058,26.856],[85.057,26.849],[85.022,26.855],[85.029,26.859],[85.029,26.875],[85.042,26.875],[85.052,26.881],[85.05,26.882],[85.048,26.885],[85.055,26.882],[85.06,26.885],[85.06,26.887],[85.004,26.895],[84.993,26.903],[85.002,26.903],[85.0,26.912],[84.968,26.916],[84.978,26.94],[84.962,26.961],[84.892,26.97],[84.889,26.978],[84.866,26.984],[84.867,26.989],[84.881,26.989],[84.911,27.018],[84.917,27.034],[84.899,27.033],[84.9,27.046],[84.918,27.073],[84.936,27.071],[84.924,27.084],[84.94,27.093],[84.942,27.111],[84.955,27.127],[84.955,27.135],[84.947,27.141],[84.951,27.161],[84.945,27.164],[84.96,27.197],[84.973,27.267],[84.96,27.29],[84.958,27.307],[84.968,27.313],[84.964,27.336],[84.969,27.356],[84.997,27.365]]]}},{"type":"Feature","properties":{"name":"Bardiya","province":"5"},"geometry":{"type":"Polygon","coordinates":[[[81.285,28.673],[81.321,28.668],[81.316,28.652],[81.31,28.651],[81.316,28.637],[81.401,28.607],[81.425,28.588],[81.422,28.581],[81.431,28.577],[81.438,28.56],[81.453,28.552],[81.465,28.554],[81.476,28.54],[81.506,28.528],[81.516,28.514],[81.536,28.504],[81.539,28.495],[81.557,28.495],[81.658,28.415],[81.674,28.418],[81.717,28.384],[81.767,28.37],[81.752,28.344],[81.745,28.313],[81.718,28.32],[81.702,28.335],[81.674,28.338],[81.685,28.332],[81.685,28.326],[81.691,28.328],[81.678,28.314],[81.677,28.322],[81.662,28.287],[81.653,28.294],[81.641,28.28],[81.647,28.277],[81.647,28.266],[81.613,28.249],[81.606,28.236],[81.59,28.235],[81.589,28.24],[81.572,28.218],[81.564,28.214],[81.562,28.218],[81.562,28.207],[81.528,28.195],[81.529,28.183],[81.518,28.179],[81.524,28.174],[81.517,28.162],[81.522,28.157],[81.499,28.145],[81.504,28.128],[81.499,28.127],[81.506,28.123],[81.501,28.118],[81.511,28.108],[81.503,28.104],[81.511,28.091],[81.525,28.084],[81.514,28.074],[81.504,28.076],[81.505,28.069],[81.478,28.083],[81.484,28.118],[81.45,28.141],[81.447,28.161],[81.426,28.171],[81.375,28.177],[81.367,28.165],[81.378,28.156],[81.371,28.142],[81.318,28.134],[81.318,28.145],[81.328,28.148],[81.32,28.16],[81.311,28.156],[81.302,28.166],[81.321,28.169],[81.321,28.197],[81.233,28.289],[81.235,28.325],[81.213,28.358],[81.08,28.385],[81.059,28.408],[81.066,28.423],[81.086,28.438],[81.091,28.458],[81.109,28.461],[81.147,28.498],[81.16,28.501],[81.168,28.524],[81.249,28.594],[81.288,28.648],[81.285,28.673]]]}},{"type":"Feature","properties":{"name":"Bhaktapur","province":"3"},"geometry":{"type":"Polygon","coordinates":[[[85.475,27.716],[85.525,27.726],[85.519,27.719],[85.521,27.694],[85.503,27.69],[85.494,27.653],[85.481,27.642],[85.477,27.645],[85.463,27.626],[85.454,27.637],[85.436,27.623],[85.418,27.62],[85.393,27.635],[85.385,27.649],[85.371,27.654],[85.369,27.661],[85.361,27.661],[85.361,27.669],[85.352,27.668],[85.357,27.683],[85.376,27.695],[85.385,27.693],[85.389,27.702],[85.396,27.701],[85.421,27.724],[85.439,27.728],[85.475,27.716]]]}},{"type":"Feature","properties":{"name":"Bhojpur","province":"1"},"geometry":{"type":"Polygon","coordinates":[[[87.11,27.462],[87.14,27.448],[87.124,27.427],[87.13,27.409],[87.125,27.402],[87.169,27.376],[87.192,27.352],[87.185,27.337],[87.191,27.327],[87.182,27.316],[87.201,27.302],[87.21,27.268],[87.197,27.265],[87.204,27.26],[87.203,27.246],[87.237,27.217],[87.247,27.192],[87.26,27.178],[87.272,27.176],[87.275,27.157],[87.269,27.141],[87.245,27.126],[87.245,27.118],[87.218,27.107],[87.183,27.075],[87.179,27.052],[87.198,27.008],[87.196,26.999],[87.16,26.967],[87.161,26.946],[87.148,26.938],[87.158,26.93],[87.156,26.916],[87.149,26.926],[87.135,26.927],[87.093,26.917],[87.093,26.91],[87.062,26.911],[87.051,26.902],[87.042,26.907],[87.039,26.901],[87.032,26.904],[87.001,26.886],[86.98,26.896],[86.978,26.907],[86.967,26.901],[86.95,26.908],[86.956,26.923],[86.965,26.928],[86.973,26.957],[86.972,26.974],[86.957,26.985],[86.966,26.992],[86.967,27.007],[86.945,27.02],[86.954,27.048],[86.965,27.058],[86.946,27.086],[86.923,27.092],[86.895,27.115],[86.917,27.129],[86.923,27.157],[86.913,27.17],[86.93,27.203],[86.928,27.223],[86.895,27.25],[86.912,27.267],[86.948,27.266],[86.966,27.285],[86.966,27.296],[86.985,27.308],[86.949,27.336],[86.947,27.352],[86.932,27.357],[86.924,27.371],[86.931,27.385],[86.92,27.39],[86.91,27.408],[86.906,27.433],[86.933,27.443],[86.94,27.459],[87.01,27.436],[87.042,27.448],[87.057,27.441],[87.072,27.46],[87.094,27.456],[87.11,27.462]]]}},{"type":"Feature","properties":{"name":"Chitawan","province":"3"},"geometry":{"type":"Polygon","coordinates":[[[84.62,27.881],[84.635,27.861],[84.649,27.859],[84.647,27.854],[84.659,27.851],[84.664,27.841],[84.663,27.824],[84.633,27.82],[84.618,27.809],[84.646,27.8],[84.645,27.794],[84.637,27.795],[84.638,27.783],[84.675,27.779],[84.669,27.766],[84.681,27.758],[84.67,27.738],[84.675,27.731],[84.693,27.721],[84.7,27.727],[84.729,27.727],[84.757,27.736],[84.797,27.709],[84.786,27.692],[84.792,27.687],[84.77,27.668],[84.768,27.657],[84.744,27.647],[84.746,27.656],[84.732,27.656],[84.73,27.646],[84.723,27.647],[84.718,27.639],[84.723,27.627],[84.732,27.624],[84.738,27.604],[84.731,27.582],[84.71,27.562],[84.703,27.559],[84.69,27.564],[84.68,27.552],[84.681,27.513],[84.697,27.475],[84.686,27.463],[84.692,27.459],[84.668,27.445],[84.665,27.43],[84.647,27.429],[84.643,27.443],[84.628,27.451],[84.576,27.454],[84.562,27.463],[84.548,27.418],[84.532,27.414],[84.546,27.408],[84.535,27.402],[84.54,27.386],[84.504,27.381],[84.488,27.371],[84.486,27.359],[84.476,27.363],[84.471,27.355],[84.441,27.37],[84.392,27.368],[84.373,27.377],[84.333,27.377],[84.301,27.39],[84.292,27.385],[84.282,27.397],[84.276,27.396],[84.278,27.416],[84.254,27.452],[84.232,27.456],[84.22,27.44],[84.209,27.443],[84.206,27.47],[84.191,27.469],[84.149,27.486],[84.144,27.497],[84.151,27.517],[84.146,27.519],[84.124,27.511],[84.109,27.522],[84.098,27.517],[84.095,27.49],[84.071,27.482],[84.052,27.443],[84.032,27.442],[84.027,27.434],[83.998,27.441],[83.996,27.446],[83.978,27.439],[83.966,27.447],[83.946,27.441],[83.931,27.45],[83.945,27.466],[83.939,27.492],[83.964,27.504],[83.969,27.515],[83.953,27.528],[83.942,27.516],[83.926,27.515],[83.919,27.532],[83.924,27.544],[83.948,27.54],[83.97,27.551],[84.031,27.537],[84.051,27.557],[84.064,27.551],[84.075,27.56],[84.115,27.553],[84.135,27.585],[84.207,27.639],[84.25,27.654],[84.258,27.651],[84.346,27.703],[84.36,27.698],[84.378,27.681],[84.427,27.703],[84.431,27.711],[84.422,27.741],[84.437,27.743],[84.451,27.759],[84.472,27.754],[84.461,27.774],[84.439,27.778],[84.431,27.787],[84.433,27.814],[84.446,27.823],[84.465,27.819],[84.466,27.824],[84.517,27.816],[84.522,27.832],[84.555,27.836],[84.559,27.858],[84.576,27.864],[84.581,27.874],[84.591,27.88],[84.609,27.872],[84.62,27.881]]]}},{"type":"Feature","properties":{"name":"Dadeldhura","province":"7"},"geometry":{"type":"Polygon","coordinates":[[[80.681,29.425],[80.707,29.415],[80.719,29.419],[80.721,29.41],[80.741,29.402],[80.768,29.4],[80.762,29.386],[80.786,29.371],[80.77,29.357],[80.763,29.364],[80.757,29.347],[80.76,29.329],[80.776,29.316],[80.773,29.302],[80.756,29.309],[80.734,29.299],[80.733,29.292],[80.746,29.285],[80.744,29.275],[80.757,29.268],[80.736,29.248],[80.739,29.245],[80.707,29.231],[80.704,29.192],[80.7,29.195],[80.695,29.188],[80.679,29.192],[80.671,29.183],[80.646,29.178],[80.617,29.18],[80.592,29.163],[80.591,29.148],[80.567,29.145],[80.565,29.135],[80.572,29.13],[80.567,29.119],[80.527,29.106],[80.532,29.09],[80.562,29.073],[80.558,29.059],[80.545,29.049],[80.547,29.039],[80.534,29.03],[80.536,29.014],[80.519,28.999],[80.501,28.993],[80.472,28.997],[80.478,29.018],[80.469,29.019],[80.468,29.03],[80.459,29.038],[80.42,29.026],[80.387,29.047],[80.356,29.045],[80.349,29.054],[80.325,29.051],[80.313,29.058],[80.294,29.057],[80.273,29.046],[80.255,29.053],[80.229,29.045],[80.186,29.087],[80.184,29.137],[80.21,29.122],[80.233,29.119],[80.254,29.138],[80.273,29.144],[80.258,29.166],[80.258,29.187],[80.241,29.203],[80.253,29.221],[80.261,29.207],[80.275,29.207],[80.287,29.195],[80.294,29.198],[80.297,29.206],[80.291,29.232],[80.3,29.242],[80.304,29.285],[80.318,29.302],[80.317,29.313],[80.325,29.308],[80.334,29.312],[80.333,29.319],[80.354,29.334],[80.363,29.327],[80.372,29.338],[80.366,29.34],[80.368,29.35],[80.378,29.349],[80.38,29.354],[80.386,29.349],[80.386,29.356],[80.402,29.361],[80.403,29.356],[80.414,29.356],[80.419,29.369],[80.416,29.374],[80.431,29.393],[80.438,29.393],[80.441,29.386],[80.458,29.396],[80.48,29.386],[80.503,29.399],[80.532,29.392],[80.548,29.399],[80.552,29.419],[80.576,29.412],[80.582,29.396],[80.616,29.397],[80.651,29.383],[80.658,29.392],[80.679,29.401],[80.669,29.419],[80.681,29.425]]]}},{"type":"Feature","properties":{"name":"Dailekh","province":"6"},"geometry":{"type":"Polygon","coordinates":[[[81.579,29.136],[81.579,29.109],[81.568,29.096],[81.562,29.066],[81.567,29.052],[81.599,29.045],[81.613,29.034],[81.631,29.047],[81.651,29.04],[81.691,29.05],[81.702,29.032],[81.715,29.028],[81.716,29.02],[81.73,29.022],[81.751,29.01],[81.771,29.019],[81.795,29.014],[81.793,29.005],[81.819,28.985],[81.842,28.981],[81.848,28.972],[81.873,28.971],[81.888,28.984],[81.909,28.987],[81.92,28.978],[81.925,28.925],[81.894,28.901],[81.878,28.849],[81.889,28.811],[81.912,28.78],[81.884,28.762],[81.88,28.747],[81.848,28.738],[81.836,28.741],[81.824,28.733],[81.807,28.694],[81.811,28.68],[81.792,28.655],[81.782,28.652],[81.781,28.635],[81.712,28.657],[81.675,28.679],[81.639,28.676],[81.63,28.692],[81.616,28.69],[81.601,28.707],[81.586,28.708],[81.563,28.724],[81.56,28.736],[81.55,28.739],[81.547,28.749],[81.579,28.756],[81.58,28.78],[81.557,28.798],[81.532,28.856],[81.509,28.89],[81.492,28.894],[81.467,28.929],[81.445,28.94],[81.444,28.959],[81.431,28.959],[81.423,28.969],[81.425,28.98],[81.41,28.997],[81.419,29.004],[81.418,29.021],[81.44,29.04],[81.444,29.054],[81.467,29.067],[81.469,29.078],[81.511,29.091],[81.579,29.136]]]}},{"type":"Feature","properties":{"name":"Dang","province":"5"},"geometry":{"type":"Polygon","coordinates":[[[82.101,28.259],[82.133,28.252],[82.144,28.237],[82.161,28.242],[82.169,28.252],[82.199,28.243],[82.218,28.25],[82.244,28.238],[82.275,28.249],[82.3,28.246],[82.302,28.233],[82.31,28.232],[82.312,28.223],[82.338,28.224],[82.367,28.19],[82.378,28.185],[82.393,28.189],[82.395,28.171],[82.409,28.161],[82.464,28.142],[82.479,28.144],[82.485,28.131],[82.496,28.135],[82.504,28.15],[82.519,28.147],[82.516,28.139],[82.539,28.132],[82.557,28.136],[82.567,28.116],[82.595,28.101],[82.598,28.093],[82.611,28.092],[82.625,28.07],[82.685,28.051],[82.705,28.053],[82.719,28.047],[82.697,28.03],[82.696,28.014],[82.741,27.99],[82.747,27.975],[82.763,27.977],[82.76,27.969],[82.766,27.963],[82.751,27.944],[82.764,27.941],[82.776,27.926],[82.769,27.921],[82.774,27.894],[82.779,27.898],[82.791,27.891],[82.791,27.881],[82.81,27.871],[82.792,27.865],[82.807,27.857],[82.792,27.856],[82.781,27.843],[82.756,27.835],[82.749,27.823],[82.787,27.795],[82.788,27.804],[82.798,27.803],[82.798,27.795],[82.806,27.793],[82.804,27.777],[82.784,27.769],[82.782,27.778],[82.735,27.776],[82.723,27.759],[82.696,27.757],[82.706,27.736],[82.705,27.717],[82.699,27.722],[82.672,27.714],[82.664,27.722],[82.655,27.713],[82.628,27.712],[82.619,27.702],[82.605,27.706],[82.594,27.697],[82.541,27.686],[82.516,27.69],[82.473,27.677],[82.449,27.679],[82.402,27.703],[82.367,27.743],[82.304,27.773],[82.231,27.821],[82.208,27.843],[82.154,27.866],[82.15,27.858],[82.123,27.865],[82.065,27.925],[82.067,27.951],[82.088,27.95],[82.095,27.955],[82.1,27.949],[82.114,27.953],[82.12,27.949],[82.134,27.962],[82.192,27.953],[82.193,27.974],[82.186,27.995],[82.194,28.026],[82.173,28.047],[82.159,28.047],[82.107,28.073],[82.021,28.099],[82.019,28.132],[82.008,28.151],[82.018,28.182],[82.029,28.188],[82.023,28.201],[82.042,28.23],[82.053,28.242],[82.069,28.237],[82.101,28.259]]]}},{"type":"Feature","properties":{"name":"Darchula","province":"7"},"geometry":{"type":"Polygon","coordinates":[[[80.99,30.246],[81.029,30.233],[81.029,30.22],[81.045,30.21],[81.034,30.197],[81.042,30.194],[81.044,30.181],[81.083,30.148],[81.081,30.101],[81.098,30.1],[81.109,30.086],[81.091,30.054],[81.069,30.044],[81.038,30.015],[81.026,29.988],[81.015,29.981],[81.022,29.959],[81.001,29.928],[81.028,29.906],[81.041,29.882],[81.04,29.841],[81.055,29.83],[81.07,29.828],[81.069,29.803],[81.062,29.794],[81.063,29.768],[81.057,29.758],[81.038,29.753],[81.032,29.742],[81.02,29.748],[80.988,29.741],[80.975,29.722],[80.94,29.735],[80.865,29.706],[80.858,29.696],[80.84,29.687],[80.83,29.692],[80.811,29.684],[80.794,29.689],[80.78,29.702],[80.755,29.708],[80.709,29.699],[80.689,29.705],[80.674,29.687],[80.652,29.681],[80.634,29.691],[80.574,29.687],[80.559,29.671],[80.506,29.645],[80.497,29.625],[80.467,29.62],[80.45,29.625],[80.444,29.617],[80.429,29.618],[80.428,29.612],[80.418,29.614],[80.417,29.606],[80.409,29.605],[80.409,29.621],[80.421,29.63],[80.416,29.652],[80.398,29.659],[80.385,29.674],[80.372,29.715],[80.376,29.72],[80.366,29.724],[80.37,29.734],[80.364,29.74],[80.368,29.751],[80.386,29.75],[80.385,29.759],[80.398,29.759],[80.407,29.794],[80.429,29.798],[80.435,29.806],[80.444,29.799],[80.464,29.802],[80.493,29.796],[80.507,29.823],[80.522,29.827],[80.539,29.847],[80.553,29.85],[80.562,29.866],[80.557,29.871],[80.573,29.895],[80.574,29.923],[80.595,29.953],[80.63,29.965],[80.649,29.956],[80.674,29.957],[80.72,30.0],[80.745,30.004],[80.758,30.024],[80.756,30.04],[80.761,30.049],[80.78,30.057],[80.815,30.096],[80.837,30.097],[80.845,30.102],[80.845,30.116],[80.878,30.129],[80.871,30.161],[80.863,30.169],[80.88,30.181],[80.897,30.212],[80.927,30.236],[80.976,30.238],[80.99,30.246]]]}},{"type":"Feature","properties":{"name":"Dhading","province":"3"},"geometry":{"type":"Polygon","coordinates":[[[85.108,28.345],[85.14,28.33],[85.16,28.332],[85.177,28.306],[85.181,28.281],[85.203,28.25],[85.194,28.244],[85.188,28.223],[85.204,28.204],[85.2,28.177],[85.195,28.168],[85.175,28.163],[85.156,28.143],[85.158,28.13],[85.15,28.117],[85.124,28.106],[85.115,28.077],[85.062,28.067],[85.055,28.05],[85.033,28.032],[85.013,28.026],[84.989,28.029],[84.99,28.016],[85.003,28.0],[85.03,27.996],[85.032,27.99],[85.029,27.972],[85.02,27.968],[85.008,27.951],[85.015,27.951],[85.016,27.944],[84.989,27.886],[84.995,27.875],[84.989,27.858],[85.007,27.851],[85.014,27.833],[85.023,27.833],[85.012,27.81],[85.042,27.817],[85.053,27.797],[85.115,27.774],[85.125,27.761],[85.176,27.767],[85.179,27.772],[85.198,27.769],[85.202,27.774],[85.204,27.769],[85.216,27.776],[85.23,27.776],[85.232,27.771],[85.253,27.776],[85.27,27.76],[85.267,27.746],[85.251,27.749],[85.214,27.737],[85.222,27.728],[85.197,27.716],[85.2,27.708],[85.189,27.681],[85.15,27.67],[85.12,27.684],[85.115,27.696],[85.089,27.712],[85.066,27.703],[85.061,27.695],[85.052,27.699],[85.043,27.69],[85.039,27.706],[85.031,27.698],[85.011,27.708],[84.99,27.708],[84.952,27.683],[84.922,27.689],[84.907,27.699],[84.88,27.669],[84.866,27.68],[84.829,27.692],[84.8,27.671],[84.797,27.684],[84.786,27.692],[84.796,27.709],[84.757,27.736],[84.729,27.727],[84.7,27.727],[84.693,27.721],[84.675,27.731],[84.67,27.738],[84.681,27.758],[84.669,27.766],[84.675,27.779],[84.638,27.783],[84.637,27.795],[84.645,27.794],[84.646,27.8],[84.618,27.809],[84.622,27.815],[84.666,27.825],[84.685,27.811],[84.707,27.807],[84.711,27.801],[84.719,27.804],[84.731,27.796],[84.739,27.804],[84.754,27.806],[84.763,27.818],[84.773,27.809],[84.782,27.814],[84.774,27.824],[84.776,27.835],[84.768,27.844],[84.765,27.859],[84.756,27.862],[84.746,27.88],[84.749,27.886],[84.736,27.893],[84.732,27.926],[84.746,27.96],[84.775,27.971],[84.772,27.977],[84.784,27.983],[84.79,27.998],[84.811,28.003],[84.81,28.038],[84.818,28.048],[84.844,28.116],[84.855,28.123],[84.869,28.12],[84.892,28.1],[84.9,28.107],[84.918,28.103],[84.929,28.126],[84.957,28.127],[84.957,28.156],[84.974,28.19],[84.965,28.217],[84.992,28.245],[84.999,28.241],[85.002,28.253],[85.028,28.262],[85.038,28.292],[85.033,28.303],[85.047,28.326],[85.081,28.346],[85.108,28.345]]]}},{"type":"Feature","properties":{"name":"Dhankuta","province":"1"},"geometry":{"type":"Polygon","coordinates":[[[87.358,27.19],[87.376,27.18],[87.374,27.167],[87.407,27.136],[87.395,27.123],[87.392,27.103],[87.401,27.074],[87.427,27.046],[87.431,27.014],[87.441,27.006],[87.439,26.971],[87.45,26.974],[87.464,26.968],[87.468,26.976],[87.484,26.976],[87.484,26.983],[87.492,26.986],[87.503,26.972],[87.525,26.96],[87.521,26.935],[87.532,26.902],[87.522,26.885],[87.544,26.889],[87.56,26.885],[87.568,26.872],[87.575,26.871],[87.58,26.861],[87.576,26.857],[87.558,26.864],[87.509,26.858],[87.502,26.874],[87.453,26.858],[87.449,26.864],[87.429,26.864],[87.421,26.871],[87.392,26.866],[87.384,26.853],[87.367,26.846],[87.324,26.854],[87.311,26.87],[87.301,26.869],[87.297,26.875],[87.256,26.866],[87.234,26.879],[87.216,26.863],[87.165,26.878],[87.168,26.901],[87.156,26.913],[87.158,26.93],[87.148,26.938],[87.161,26.946],[87.16,26.967],[87.197,27.0],[87.196,27.019],[87.179,27.052],[87.183,27.075],[87.218,27.107],[87.245,27.118],[87.245,27.126],[87.271,27.143],[87.275,27.161],[87.265,27.182],[87.285,27.19],[87.312,27.182],[87.358,27.19]]]}},{"type":"Feature","properties":{"name":"Dhanusha","province":"2"},"geometry":{"type":"Polygon","coordinates":[[[85.906,27.134],[85.938,27.121],[85.936,27.11],[85.944,27.092],[85.962,27.08],[85.971,27.051],[85.992,27.025],[86.012,27.019],[86.106,27.015],[86.188,26.982],[86.187,26.977],[86.227,26.95],[86.235,26.95],[86.258,26.928],[86.259,26.913],[86.246,26.915],[86.242,26.906],[86.224,26.904],[86.221,26.889],[86.216,26.896],[86.189,26.905],[86.159,26.926],[86.157,26.935],[86.133,26.915],[86.131,26.891],[86.14,26.864],[86.155,26.845],[86.149,26.831],[86.155,26.821],[86.152,26.802],[86.145,26.788],[86.148,26.771],[86.16,26.752],[86.175,26.748],[86.2,26.685],[86.197,26.667],[86.17,26.652],[86.166,26.639],[86.151,26.638],[86.155,26.625],[86.142,26.605],[86.136,26.607],[86.138,26.629],[86.119,26.63],[86.074,26.65],[86.068,26.658],[86.027,26.667],[86.01,26.654],[85.976,26.658],[85.96,26.651],[85.953,26.644],[85.956,26.631],[85.946,26.621],[85.948,26.614],[85.929,26.617],[85.927,26.61],[85.914,26.609],[85.901,26.595],[85.892,26.594],[85.888,26.583],[85.849,26.569],[85.858,26.59],[85.852,26.615],[85.906,26.656],[85.906,26.664],[85.897,26.669],[85.906,26.681],[85.887,26.698],[85.894,26.721],[85.88,26.752],[85.909,26.785],[85.92,26.846],[85.917,26.871],[85.895,26.878],[85.917,26.95],[85.918,26.959],[85.906,26.961],[85.914,26.991],[85.911,27.008],[85.927,27.029],[85.914,27.038],[85.917,27.043],[85.932,27.043],[85.945,27.062],[85.935,27.077],[85.937,27.097],[85.901,27.127],[85.906,27.134]]]}},{"type":"Feature","properties":{"name":"Dolakha","province":"3"},"geometry":{"type":"Polygon","coordinates":[[[86.197,28.138],[86.22,28.112],[86.223,28.096],[86.208,28.094],[86.204,28.084],[86.218,28.04],[86.225,28.033],[86.22,28.01],[86.233,27.974],[86.289,27.978],[86.304,27.956],[86.319,27.948],[86.335,27.965],[86.338,27.949],[86.348,27.938],[86.381,27.938],[86.411,27.907],[86.442,27.906],[86.47,27.93],[86.469,27.946],[86.498,27.957],[86.516,27.957],[86.522,27.94],[86.534,27.942],[86.549,27.929],[86.555,27.908],[86.554,27.857],[86.538,27.807],[86.511,27.806],[86.499,27.814],[86.487,27.809],[86.48,27.812],[86.479,27.821],[86.47,27.826],[86.456,27.824],[86.45,27.833],[86.42,27.814],[86.417,27.794],[86.411,27.791],[86.422,27.786],[86.41,27.761],[86.411,27.747],[86.427,27.737],[86.421,27.716],[86.409,27.719],[86.376,27.692],[86.352,27.694],[86.339,27.683],[86.33,27.661],[86.312,27.646],[86.303,27.616],[86.289,27.603],[86.203,27.58],[86.192,27.572],[86.184,27.559],[86.155,27.536],[86.142,27.496],[86.114,27.474],[86.115,27.48],[86.094,27.5],[86.078,27.497],[86.065,27.502],[86.062,27.497],[86.06,27.502],[86.045,27.498],[85.995,27.504],[85.987,27.51],[86.001,27.541],[85.998,27.546],[85.952,27.589],[85.884,27.614],[85.911,27.637],[85.918,27.664],[85.939,27.669],[85.936,27.709],[85.952,27.722],[85.961,27.742],[85.977,27.735],[86.005,27.745],[86.03,27.742],[86.034,27.757],[86.02,27.772],[86.026,27.785],[86.023,27.801],[86.003,27.83],[86.025,27.846],[86.03,27.863],[86.042,27.868],[86.048,27.886],[86.069,27.906],[86.067,27.911],[86.124,27.928],[86.124,27.942],[86.107,27.956],[86.104,27.984],[86.079,28.02],[86.09,28.033],[86.088,28.049],[86.095,28.062],[86.083,28.091],[86.092,28.098],[86.118,28.091],[86.13,28.1],[86.132,28.117],[86.14,28.118],[86.142,28.126],[86.178,28.144],[86.177,28.171],[86.189,28.173],[86.197,28.156],[86.197,28.138]]]}},{"type":"Feature","properties":{"name":"Dolpa","province":"6"},"geometry":{"type":"Polygon","coordinates":[[[82.917,29.706],[82.927,29.701],[82.935,29.705],[82.948,29.692],[82.941,29.674],[82.956,29.662],[82.985,29.668],[83.001,29.665],[83.009,29.673],[83.021,29.651],[83.033,29.654],[83.043,29.631],[83.065,29.626],[83.069,29.61],[83.086,29.603],[83.092,29.605],[83.09,29.612],[83.117,29.616],[83.12,29.629],[83.132,29.618],[83.15,29.624],[83.165,29.616],[83.159,29.596],[83.18,29.593],[83.188,29.598],[83.188,29.608],[83.197,29.611],[83.199,29.606],[83.218,29.606],[83.215,29.589],[83.232,29.578],[83.261,29.578],[83.269,29.568],[83.278,29.569],[83.282,29.558],[83.255,29.557],[83.256,29.539],[83.269,29.522],[83.267,29.507],[83.282,29.499],[83.293,29.504],[83.302,29.5],[83.316,29.509],[83.344,29.495],[83.348,29.479],[83.342,29.466],[83.354,29.451],[83.366,29.45],[83.364,29.44],[83.371,29.429],[83.414,29.421],[83.416,29.41],[83.426,29.402],[83.42,29.398],[83.423,29.385],[83.412,29.38],[83.415,29.359],[83.439,29.35],[83.445,29.34],[83.438,29.309],[83.465,29.275],[83.487,29.28],[83.493,29.274],[83.492,29.265],[83.504,29.256],[83.515,29.256],[83.523,29.238],[83.515,29.228],[83.52,29.218],[83.539,29.203],[83.572,29.203],[83.569,29.194],[83.576,29.18],[83.59,29.174],[83.61,29.181],[83.633,29.159],[83.657,29.176],[83.666,29.17],[83.663,29.157],[83.676,29.149],[83.68,29.124],[83.66,29.124],[83.651,29.119],[83.65,29.105],[83.629,29.107],[83.616,29.098],[83.631,29.081],[83.632,29.065],[83.62,29.06],[83.613,29.036],[83.615,28.988],[83.609,28.98],[83.592,28.984],[83.58,28.956],[83.567,28.943],[83.559,28.945],[83.546,28.922],[83.5,28.877],[83.506,28.865],[83.502,28.846],[83.482,28.845],[83.48,28.838],[83.48,28.817],[83.488,28.802],[83.483,28.783],[83.41,28.761],[83.389,28.763],[83.362,28.734],[83.326,28.738],[83.277,28.722],[83.229,28.743],[83.21,28.732],[83.187,28.744],[83.156,28.748],[83.114,28.744],[83.079,28.786],[83.068,28.78],[83.036,28.793],[83.022,28.791],[82.997,28.804],[82.981,28.801],[82.966,28.82],[82.947,28.829],[82.905,28.832],[82.896,28.825],[82.868,28.834],[82.844,28.827],[82.817,28.831],[82.799,28.821],[82.782,28.824],[82.766,28.809],[82.743,28.845],[82.712,28.852],[82.696,28.865],[82.7,28.883],[82.691,28.888],[82.7,28.908],[82.686,28.917],[82.666,28.963],[82.641,28.963],[82.524,29.014],[82.485,29.015],[82.457,28.99],[82.397,29.004],[82.392,29.018],[82.405,29.046],[82.404,29.073],[82.418,29.111],[82.417,29.136],[82.434,29.139],[82.433,29.146],[82.447,29.158],[82.461,29.157],[82.472,29.164],[82.514,29.156],[82.555,29.166],[82.578,29.18],[82.582,29.191],[82.546,29.212],[82.534,29.237],[82.54,29.244],[82.531,29.25],[82.552,29.266],[82.551,29.28],[82.557,29.287],[82.591,29.303],[82.59,29.327],[82.575,29.338],[82.568,29.365],[82.548,29.38],[82.558,29.411],[82.586,29.423],[82.623,29.425],[82.624,29.398],[82.642,29.385],[82.661,29.402],[82.673,29.402],[82.687,29.413],[82.69,29.425],[82.715,29.431],[82.717,29.445],[82.735,29.468],[82.724,29.479],[82.732,29.508],[82.782,29.514],[82.803,29.552],[82.819,29.559],[82.794,29.632],[82.798,29.64],[82.827,29.649],[82.827,29.69],[82.861,29.685],[82.886,29.693],[82.89,29.701],[82.908,29.7],[82.917,29.706]]]}},{"type":"Feature","properties":{"name":"Doti","province":"7"},"geometry":{"type":"Polygon","coordinates":[[[80.929,29.421],[80.939,29.398],[80.971,29.4],[81.023,29.422],[81.034,29.412],[81.048,29.413],[81.063,29.405],[81.096,29.408],[81.119,29.396],[81.132,29.404],[81.144,29.391],[81.164,29.395],[81.171,29.412],[81.186,29.405],[81.187,29.398],[81.153,29.382],[81.155,29.363],[81.144,29.349],[81.136,29.305],[81.121,29.299],[81.1,29.261],[81.097,29.248],[81.113,29.24],[81.113,29.228],[81.102,29.215],[81.091,29.215],[81.064,29.198],[81.027,29.195],[81.03,29.186],[81.046,29.184],[81.049,29.163],[81.059,29.159],[81.056,29.149],[81.066,29.145],[81.065,29.135],[81.109,29.098],[81.11,29.085],[81.129,29.081],[81.12,29.072],[81.121,29.065],[81.131,29.059],[81.145,29.035],[81.15,29.006],[81.132,28.981],[81.118,28.974],[81.105,28.978],[81.101,28.964],[81.049,28.978],[81.021,28.953],[81.002,28.957],[80.981,28.939],[80.953,28.936],[80.928,28.943],[80.911,28.931],[80.906,28.941],[80.901,28.937],[80.897,28.943],[80.895,28.934],[80.883,28.941],[80.883,28.966],[80.856,28.978],[80.837,28.956],[80.84,28.95],[80.832,28.937],[80.821,28.931],[80.805,28.945],[80.81,28.955],[80.803,28.972],[80.783,28.985],[80.761,28.989],[80.762,29.003],[80.657,29.022],[80.634,29.036],[80.617,29.059],[80.607,29.049],[80.597,29.048],[80.584,29.059],[80.566,29.062],[80.559,29.076],[80.532,29.09],[80.527,29.106],[80.567,29.119],[80.572,29.13],[80.565,29.135],[80.566,29.144],[80.591,29.148],[80.598,29.17],[80.62,29.181],[80.646,29.178],[80.671,29.183],[80.679,29.192],[80.695,29.188],[80.7,29.195],[80.705,29.192],[80.707,29.212],[80.702,29.217],[80.707,29.231],[80.739,29.245],[80.736,29.248],[80.757,29.268],[80.744,29.275],[80.746,29.285],[80.733,29.292],[80.734,29.299],[80.756,29.309],[80.773,29.302],[80.776,29.316],[80.759,29.332],[80.763,29.364],[80.77,29.357],[80.775,29.365],[80.815,29.365],[80.835,29.381],[80.851,29.377],[80.86,29.396],[80.852,29.408],[80.862,29.414],[80.875,29.412],[80.912,29.446],[80.916,29.431],[80.929,29.421]]]}},{"type":"Feature","properties":{"name":"Gorkha","province":"4"},"geometry":{"type":"Polygon","coordinates":[[[84.557,28.751],[84.572,28.735],[84.626,28.737],[84.644,28.725],[84.651,28.702],[84.667,28.694],[84.668,28.683],[84.705,28.671],[84.695,28.636],[84.714,28.633],[84.737,28.617],[84.781,28.61],[84.857,28.571],[84.867,28.582],[84.886,28.583],[84.901,28.593],[84.907,28.588],[84.92,28.595],[84.945,28.595],[84.949,28.58],[84.983,28.591],[84.993,28.6],[84.986,28.605],[84.989,28.613],[85.009,28.637],[85.04,28.658],[85.041,28.668],[85.052,28.67],[85.059,28.682],[85.084,28.671],[85.115,28.687],[85.132,28.676],[85.157,28.643],[85.181,28.644],[85.188,28.641],[85.185,28.632],[85.198,28.627],[85.189,28.605],[85.174,28.597],[85.192,28.569],[85.185,28.561],[85.187,28.534],[85.166,28.532],[85.153,28.491],[85.119,28.486],[85.1,28.457],[85.103,28.448],[85.114,28.443],[85.116,28.409],[85.127,28.392],[85.108,28.347],[85.081,28.346],[85.047,28.326],[85.033,28.303],[85.038,28.292],[85.028,28.262],[85.002,28.253],[84.999,28.241],[84.992,28.245],[84.965,28.217],[84.974,28.19],[84.957,28.156],[84.957,28.127],[84.929,28.126],[84.918,28.103],[84.9,28.107],[84.892,28.1],[84.869,28.12],[84.855,28.123],[84.844,28.116],[84.818,28.048],[84.81,28.038],[84.811,28.003],[84.79,27.998],[84.784,27.983],[84.772,27.977],[84.775,27.971],[84.746,27.96],[84.732,27.926],[84.736,27.893],[84.749,27.886],[84.746,27.88],[84.756,27.862],[84.765,27.859],[84.768,27.844],[84.776,27.835],[84.774,27.824],[84.782,27.814],[84.773,27.809],[84.763,27.818],[84.754,27.806],[84.739,27.804],[84.732,27.796],[84.668,27.819],[84.661,27.829],[84.66,27.85],[84.647,27.853],[84.649,27.86],[84.635,27.86],[84.624,27.88],[84.608,27.872],[84.59,27.88],[84.567,27.859],[84.548,27.863],[84.552,27.87],[84.541,27.876],[84.545,27.905],[84.538,27.909],[84.539,27.917],[84.533,27.913],[84.501,27.916],[84.507,27.923],[84.484,27.928],[84.454,27.949],[84.428,27.951],[84.421,27.959],[84.421,27.979],[84.457,28.004],[84.466,28.051],[84.487,28.062],[84.488,28.077],[84.478,28.089],[84.513,28.088],[84.541,28.1],[84.556,28.125],[84.574,28.131],[84.585,28.146],[84.601,28.152],[84.612,28.173],[84.633,28.189],[84.64,28.205],[84.633,28.23],[84.651,28.264],[84.646,28.293],[84.66,28.315],[84.659,28.323],[84.668,28.328],[84.669,28.342],[84.68,28.343],[84.695,28.361],[84.676,28.376],[84.676,28.387],[84.647,28.419],[84.637,28.439],[84.622,28.449],[84.599,28.452],[84.583,28.477],[84.565,28.486],[84.571,28.51],[84.56,28.533],[84.559,28.55],[84.547,28.555],[84.552,28.559],[84.541,28.598],[84.543,28.627],[84.531,28.646],[84.519,28.652],[84.522,28.663],[84.513,28.674],[84.52,28.695],[84.501,28.699],[84.482,28.718],[84.502,28.744],[84.515,28.749],[84.525,28.742],[84.54,28.744],[84.557,28.751]]]}},{"type":"Feature","properties":{"name":"Gulmi","province":"5"},"geometry":{"type":"Polygon","coordinates":[[[83.168,28.258],[83.185,28.271],[83.215,28.248],[83.234,28.222],[83.252,28.214],[83.274,28.188],[83.306,28.198],[83.33,28.189],[83.356,28.198],[83.384,28.164],[83.39,28.167],[83.423,28.125],[83.474,28.132],[83.478,28.13],[83.474,28.119],[83.486,28.113],[83.51,28.127],[83.532,28.117],[83.554,28.117],[83.555,28.107],[83.565,28.101],[83.563,28.093],[83.575,28.088],[83.581,28.078],[83.561,28.064],[83.562,28.036],[83.578,28.034],[83.596,28.021],[83.605,28.012],[83.603,27.997],[83.584,27.988],[83.585,27.979],[83.578,27.974],[83.55,27.977],[83.531,27.965],[83.511,27.968],[83.483,27.982],[83.462,27.954],[83.443,27.945],[83.441,27.935],[83.428,27.94],[83.419,27.931],[83.4,27.935],[83.377,27.959],[83.345,27.95],[83.346,27.931],[83.337,27.923],[83.281,27.926],[83.284,27.942],[83.303,27.955],[83.301,27.968],[83.28,27.968],[83.263,27.989],[83.253,27.987],[83.234,28.021],[83.23,28.048],[83.195,28.074],[83.193,28.083],[83.183,28.088],[83.156,28.061],[83.138,28.062],[83.124,28.071],[83.125,28.084],[83.102,28.077],[83.096,28.082],[83.099,28.094],[83.09,28.097],[83.073,28.091],[83.067,28.098],[83.07,28.108],[83.051,28.112],[83.059,28.127],[83.05,28.141],[83.055,28.141],[83.057,28.145],[83.037,28.158],[83.042,28.169],[83.029,28.175],[83.037,28.203],[83.028,28.22],[83.027,28.236],[83.022,28.235],[83.052,28.244],[83.078,28.234],[83.094,28.257],[83.11,28.252],[83.124,28.258],[83.131,28.25],[83.156,28.271],[83.168,28.258]]]}},{"type":"Feature","properties":{"name":"Humla","province":"6"},"geometry":{"type":"Polygon","coordinates":[[[81.618,30.446],[81.727,30.411],[81.732,30.398],[81.751,30.389],[81.809,30.387],[81.826,30.375],[81.868,30.377],[81.882,30.361],[81.915,30.35],[81.939,30.348],[81.949,30.359],[81.962,30.351],[81.957,30.341],[81.988,30.321],[82.012,30.329],[82.011,30.342],[82.016,30.344],[82.056,30.333],[82.066,30.355],[82.074,30.359],[82.085,30.359],[82.109,30.346],[82.128,30.302],[82.116,30.294],[82.109,30.277],[82.116,30.272],[82.118,30.259],[82.107,30.255],[82.098,30.239],[82.109,30.226],[82.128,30.226],[82.139,30.199],[82.159,30.189],[82.184,30.191],[82.182,30.161],[82.206,30.154],[82.199,30.136],[82.171,30.122],[82.187,30.111],[82.177,30.089],[82.166,30.081],[82.172,30.065],[82.188,30.07],[82.231,30.065],[82.247,30.075],[82.266,30.062],[82.281,30.061],[82.285,30.047],[82.299,30.038],[82.316,30.04],[82.32,30.05],[82.334,30.047],[82.345,30.029],[82.36,30.022],[82.363,30.01],[82.373,30.016],[82.378,30.011],[82.376,30.026],[82.387,30.02],[82.396,30.024],[82.432,29.989],[82.476,29.974],[82.474,29.965],[82.498,29.947],[82.488,29.929],[82.471,29.92],[82.474,29.907],[82.468,29.899],[82.455,29.897],[82.448,29.889],[82.459,29.882],[82.462,29.864],[82.435,29.861],[82.43,29.835],[82.44,29.824],[82.438,29.816],[82.423,29.807],[82.406,29.811],[82.401,29.805],[82.404,29.787],[82.413,29.778],[82.398,29.761],[82.414,29.732],[82.411,29.714],[82.39,29.696],[82.361,29.703],[82.34,29.716],[82.313,29.712],[82.298,29.697],[82.282,29.692],[82.261,29.703],[82.232,29.701],[82.234,29.663],[82.219,29.664],[82.215,29.655],[82.202,29.66],[82.193,29.653],[82.156,29.658],[82.143,29.646],[82.103,29.635],[82.114,29.653],[82.101,29.666],[82.101,29.686],[82.061,29.728],[82.06,29.746],[82.045,29.751],[82.015,29.736],[81.993,29.704],[81.947,29.675],[81.931,29.678],[81.918,29.664],[81.89,29.667],[81.873,29.635],[81.853,29.619],[81.79,29.627],[81.777,29.617],[81.774,29.606],[81.75,29.605],[81.736,29.607],[81.716,29.621],[81.699,29.642],[81.704,29.645],[81.704,29.645],[81.697,29.681],[81.714,29.722],[81.727,29.734],[81.73,29.769],[81.74,29.793],[81.765,29.802],[81.774,29.798],[81.78,29.807],[81.781,29.839],[81.794,29.849],[81.794,29.896],[81.799,29.902],[81.78,29.911],[81.716,29.909],[81.71,29.927],[81.697,29.932],[81.698,29.941],[81.688,29.949],[81.665,29.94],[81.646,29.948],[81.627,29.938],[81.613,29.943],[81.603,29.93],[81.585,29.937],[81.549,29.923],[81.535,29.928],[81.517,29.923],[81.512,29.916],[81.517,29.904],[81.504,29.893],[81.493,29.887],[81.471,29.89],[81.456,29.901],[81.463,29.921],[81.453,29.949],[81.469,29.964],[81.47,29.975],[81.461,29.986],[81.463,29.996],[81.401,30.023],[81.382,30.007],[81.357,30.011],[81.319,30.026],[81.315,30.033],[81.291,30.035],[81.272,30.045],[81.275,30.059],[81.29,30.074],[81.285,30.105],[81.291,30.113],[81.256,30.147],[81.258,30.151],[81.304,30.16],[81.305,30.164],[81.317,30.152],[81.332,30.153],[81.351,30.178],[81.396,30.209],[81.392,30.251],[81.408,30.261],[81.417,30.282],[81.4,30.282],[81.402,30.293],[81.423,30.305],[81.415,30.316],[81.396,30.323],[81.406,30.337],[81.406,30.353],[81.395,30.368],[81.42,30.371],[81.429,30.383],[81.401,30.396],[81.408,30.421],[81.428,30.422],[81.434,30.413],[81.439,30.419],[81.445,30.416],[81.489,30.381],[81.552,30.37],[81.551,30.403],[81.559,30.407],[81.561,30.428],[81.607,30.412],[81.622,30.424],[81.618,30.446]]]}},{"type":"Feature","properties":{"name":"Ilam","province":"1"},"geometry":{"type":"Polygon","coordinates":[[[87.955,27.105],[88.003,27.104],[88.021,27.088],[88.016,27.074],[88.038,27.037],[88.06,27.029],[88.078,27.035],[88.092,27.005],[88.115,26.989],[88.136,26.985],[88.123,26.968],[88.12,26.95],[88.146,26.921],[88.136,26.899],[88.174,26.866],[88.168,26.838],[88.174,26.834],[88.185,26.783],[88.166,26.784],[88.159,26.799],[88.15,26.806],[88.155,26.796],[88.145,26.769],[88.136,26.766],[88.131,26.778],[88.125,26.759],[88.112,26.746],[88.097,26.762],[88.092,26.802],[88.077,26.783],[88.067,26.792],[88.058,26.759],[88.046,26.745],[88.035,26.764],[88.027,26.767],[88.027,26.778],[88.008,26.767],[88.004,26.78],[87.997,26.754],[87.981,26.753],[87.976,26.77],[87.979,26.778],[87.972,26.773],[87.963,26.777],[87.965,26.79],[87.957,26.768],[87.947,26.767],[87.958,26.75],[87.949,26.74],[87.95,26.729],[87.936,26.727],[87.927,26.716],[87.936,26.701],[87.934,26.689],[87.924,26.698],[87.879,26.685],[87.867,26.692],[87.862,26.688],[87.865,26.684],[87.866,26.672],[87.845,26.675],[87.834,26.688],[87.815,26.694],[87.793,26.68],[87.791,26.666],[87.765,26.665],[87.707,26.696],[87.702,26.732],[87.687,26.75],[87.69,26.757],[87.676,26.752],[87.663,26.761],[87.679,26.782],[87.656,26.798],[87.662,26.815],[87.652,26.819],[87.648,26.831],[87.622,26.843],[87.6,26.862],[87.637,26.861],[87.688,26.881],[87.698,26.912],[87.694,26.923],[87.706,26.929],[87.677,26.952],[87.69,26.975],[87.733,27.006],[87.739,27.02],[87.778,27.013],[87.841,27.048],[87.852,27.063],[87.862,27.063],[87.896,27.093],[87.955,27.105]]]}},{"type":"Feature","properties":{"name":"Jajarkot","province":"6"},"geometry":{"type":"Polygon","coordinates":[[[82.278,29.128],[82.286,29.116],[82.301,29.12],[82.322,29.11],[82.352,29.117],[82.412,29.096],[82.404,29.073],[82.405,29.046],[82.392,29.018],[82.399,29.003],[82.413,29.004],[82.439,28.991],[82.458,28.99],[82.485,29.015],[82.507,29.016],[82.536,29.011],[82.58,28.99],[82.552,28.988],[82.513,28.95],[82.516,28.931],[82.504,28.921],[82.507,28.895],[82.497,28.879],[82.471,28.868],[82.456,28.873],[82.431,28.851],[82.4,28.842],[82.376,28.822],[82.358,28.792],[82.336,28.784],[82.294,28.785],[82.283,28.762],[82.29,28.757],[82.284,28.749],[82.29,28.738],[82.283,28.732],[82.289,28.727],[82.285,28.715],[82.276,28.706],[82.28,28.694],[82.273,28.693],[82.247,28.712],[82.233,28.702],[82.229,28.688],[82.217,28.687],[82.209,28.676],[82.197,28.683],[82.198,28.664],[82.192,28.639],[82.187,28.638],[82.19,28.628],[82.169,28.612],[82.143,28.616],[82.145,28.625],[82.138,28.627],[82.082,28.618],[82.054,28.635],[82.056,28.645],[82.043,28.637],[82.031,28.645],[82.008,28.645],[81.948,28.636],[81.878,28.648],[81.879,28.656],[81.868,28.664],[81.859,28.693],[81.845,28.71],[81.82,28.724],[81.836,28.741],[81.848,28.738],[81.88,28.747],[81.884,28.762],[81.912,28.78],[81.889,28.811],[81.878,28.849],[81.894,28.901],[81.925,28.925],[81.92,28.978],[81.958,28.986],[81.984,29.003],[81.986,29.013],[82.001,29.016],[82.008,29.031],[82.039,29.012],[82.05,28.981],[82.078,28.969],[82.095,28.974],[82.1,28.984],[82.123,28.995],[82.119,29.015],[82.147,29.033],[82.148,29.048],[82.167,29.069],[82.181,29.062],[82.198,29.073],[82.201,29.089],[82.212,29.087],[82.224,29.094],[82.226,29.105],[82.237,29.101],[82.254,29.11],[82.263,29.107],[82.27,29.114],[82.265,29.121],[82.278,29.128]]]}},{"type":"Feature","properties":{"name":"Jhapa","province":"1"},"geometry":{"type":"Polygon","coordinates":[[[88.152,26.806],[88.164,26.785],[88.185,26.783],[88.188,26.772],[88.182,26.72],[88.167,26.7],[88.16,26.637],[88.142,26.626],[88.139,26.607],[88.13,26.601],[88.13,26.574],[88.118,26.575],[88.119,26.568],[88.113,26.573],[88.113,26.558],[88.105,26.561],[88.112,26.545],[88.098,26.538],[88.104,26.536],[88.103,26.519],[88.09,26.507],[88.099,26.506],[88.106,26.49],[88.1,26.48],[88.107,26.476],[88.098,26.473],[88.103,26.466],[88.092,26.463],[88.096,26.439],[88.07,26.414],[88.071,26.408],[88.06,26.41],[88.055,26.401],[88.034,26.392],[88.027,26.382],[88.03,26.365],[88.008,26.361],[87.995,26.366],[87.992,26.393],[87.966,26.397],[87.927,26.418],[87.926,26.428],[87.916,26.432],[87.925,26.446],[87.899,26.449],[87.91,26.458],[87.9,26.478],[87.888,26.487],[87.886,26.477],[87.858,26.464],[87.861,26.449],[87.851,26.445],[87.849,26.437],[87.828,26.44],[87.83,26.45],[87.817,26.459],[87.787,26.468],[87.789,26.462],[87.774,26.451],[87.778,26.443],[87.773,26.436],[87.778,26.436],[87.77,26.428],[87.776,26.421],[87.768,26.419],[87.767,26.411],[87.754,26.408],[87.747,26.418],[87.739,26.418],[87.734,26.408],[87.711,26.427],[87.675,26.436],[87.673,26.45],[87.659,26.459],[87.66,26.471],[87.65,26.481],[87.643,26.508],[87.646,26.549],[87.636,26.581],[87.642,26.584],[87.638,26.598],[87.647,26.6],[87.655,26.616],[87.654,26.634],[87.642,26.65],[87.642,26.667],[87.653,26.686],[87.655,26.716],[87.678,26.73],[87.687,26.75],[87.702,26.732],[87.708,26.695],[87.765,26.665],[87.791,26.666],[87.793,26.68],[87.815,26.694],[87.834,26.688],[87.845,26.675],[87.867,26.672],[87.862,26.688],[87.867,26.692],[87.879,26.685],[87.924,26.698],[87.934,26.689],[87.936,26.701],[87.927,26.716],[87.936,26.727],[87.95,26.729],[87.949,26.74],[87.958,26.75],[87.947,26.767],[87.957,26.768],[87.965,26.79],[87.963,26.777],[87.972,26.773],[87.979,26.778],[87.976,26.77],[87.981,26.753],[87.997,26.754],[88.004,26.78],[88.008,26.767],[88.027,26.778],[88.027,26.767],[88.035,26.764],[88.047,26.745],[88.058,26.759],[88.067,26.792],[88.077,26.783],[88.093,26.801],[88.097,26.762],[88.112,26.746],[88.125,26.759],[88.131,26.778],[88.136,26.766],[88.145,26.769],[88.155,26.796],[88.152,26.806]]]}},{"type":"Feature","properties":{"name":"Jumla","province":"6"},"geometry":{"type":"Polygon","coordinates":[[[82.31,29.504],[82.34,29.504],[82.346,29.494],[82.364,29.49],[82.386,29.502],[82.411,29.464],[82.411,29.451],[82.432,29.443],[82.448,29.45],[82.453,29.465],[82.481,29.486],[82.498,29.492],[82.506,29.471],[82.502,29.446],[82.513,29.421],[82.542,29.421],[82.558,29.411],[82.548,29.38],[82.568,29.365],[82.575,29.338],[82.59,29.327],[82.591,29.303],[82.557,29.287],[82.551,29.28],[82.552,29.266],[82.531,29.25],[82.54,29.244],[82.534,29.237],[82.546,29.212],[82.582,29.191],[82.578,29.18],[82.555,29.166],[82.514,29.156],[82.472,29.164],[82.461,29.157],[82.446,29.158],[82.433,29.146],[82.434,29.139],[82.417,29.136],[82.418,29.111],[82.412,29.096],[82.352,29.117],[82.323,29.11],[82.301,29.12],[82.286,29.116],[82.278,29.128],[82.265,29.121],[82.27,29.114],[82.263,29.107],[82.254,29.11],[82.237,29.101],[82.229,29.106],[82.22,29.09],[82.201,29.089],[82.198,29.073],[82.181,29.062],[82.167,29.069],[82.148,29.048],[82.147,29.033],[82.119,29.015],[82.123,28.995],[82.1,28.984],[82.095,28.974],[82.078,28.969],[82.05,28.981],[82.039,29.012],[82.011,29.03],[82.017,29.052],[82.012,29.072],[82.018,29.077],[82.017,29.092],[81.948,29.129],[81.95,29.142],[81.944,29.149],[81.926,29.157],[81.904,29.157],[81.895,29.173],[81.908,29.188],[81.909,29.206],[81.876,29.227],[81.869,29.226],[81.85,29.245],[81.848,29.266],[81.86,29.273],[81.879,29.273],[81.907,29.322],[81.93,29.333],[81.924,29.385],[81.93,29.395],[81.929,29.433],[81.938,29.444],[81.964,29.446],[81.979,29.473],[82.006,29.473],[82.014,29.462],[82.041,29.483],[82.077,29.484],[82.09,29.476],[82.093,29.464],[82.102,29.459],[82.131,29.47],[82.143,29.457],[82.144,29.429],[82.161,29.417],[82.175,29.415],[82.184,29.406],[82.194,29.411],[82.214,29.407],[82.222,29.429],[82.24,29.439],[82.247,29.433],[82.267,29.445],[82.294,29.443],[82.299,29.471],[82.306,29.479],[82.301,29.494],[82.31,29.504]]]}},{"type":"Feature","properties":{"name":"Kabhrepalanchok","province":"3"},"geometry":{"type":"Polygon","coordinates":[[[85.55,27.756],[85.567,27.745],[85.604,27.749],[85.615,27.732],[85.666,27.712],[85.68,27.7],[85.681,27.686],[85.687,27.685],[85.694,27.664],[85.706,27.652],[85.706,27.642],[85.708,27.654],[85.705,27.656],[85.721,27.666],[85.725,27.662],[85.735,27.677],[85.792,27.665],[85.813,27.669],[85.822,27.656],[85.817,27.644],[85.842,27.626],[85.857,27.633],[85.867,27.629],[85.881,27.615],[85.863,27.595],[85.853,27.591],[85.847,27.579],[85.827,27.576],[85.823,27.566],[85.829,27.547],[85.816,27.524],[85.819,27.518],[85.798,27.5],[85.814,27.474],[85.809,27.455],[85.822,27.451],[85.803,27.439],[85.791,27.443],[85.773,27.398],[85.727,27.412],[85.714,27.406],[85.696,27.373],[85.704,27.346],[85.689,27.337],[85.679,27.345],[85.651,27.334],[85.635,27.354],[85.623,27.345],[85.571,27.341],[85.565,27.345],[85.56,27.339],[85.533,27.357],[85.514,27.35],[85.504,27.357],[85.51,27.365],[85.502,27.373],[85.487,27.376],[85.473,27.37],[85.479,27.376],[85.47,27.388],[85.463,27.386],[85.459,27.395],[85.449,27.388],[85.433,27.41],[85.42,27.403],[85.409,27.417],[85.411,27.433],[85.415,27.435],[85.411,27.439],[85.418,27.444],[85.407,27.448],[85.441,27.476],[85.443,27.516],[85.437,27.542],[85.425,27.541],[85.416,27.548],[85.404,27.545],[85.387,27.562],[85.402,27.573],[85.403,27.602],[85.417,27.607],[85.416,27.598],[85.425,27.593],[85.426,27.602],[85.433,27.6],[85.436,27.608],[85.42,27.62],[85.436,27.623],[85.454,27.637],[85.463,27.626],[85.477,27.645],[85.481,27.642],[85.493,27.652],[85.503,27.69],[85.521,27.694],[85.519,27.719],[85.525,27.737],[85.538,27.755],[85.55,27.756]]]}},{"type":"Feature","properties":{"name":"Kailali","province":"7"},"geometry":{"type":"Polygon","coordinates":[[[80.566,29.062],[80.573,29.064],[80.598,29.048],[80.617,29.059],[80.639,29.032],[80.664,29.02],[80.762,29.003],[80.761,28.989],[80.783,28.985],[80.803,28.972],[80.81,28.955],[80.805,28.945],[80.816,28.939],[80.817,28.932],[80.832,28.937],[80.84,28.95],[80.837,28.956],[80.851,28.975],[80.859,28.977],[80.866,28.969],[80.883,28.966],[80.881,28.944],[80.895,28.934],[80.897,28.943],[80.901,28.937],[80.906,28.94],[80.911,28.931],[80.925,28.943],[80.954,28.936],[80.969,28.941],[81.008,28.928],[81.022,28.919],[81.052,28.877],[81.072,28.877],[81.073,28.865],[81.089,28.863],[81.102,28.845],[81.126,28.852],[81.129,28.865],[81.143,28.873],[81.158,28.845],[81.155,28.829],[81.174,28.835],[81.182,28.825],[81.205,28.818],[81.207,28.825],[81.195,28.833],[81.202,28.864],[81.208,28.86],[81.209,28.847],[81.234,28.83],[81.23,28.817],[81.242,28.81],[81.226,28.795],[81.248,28.78],[81.247,28.761],[81.261,28.746],[81.256,28.73],[81.273,28.726],[81.267,28.704],[81.281,28.695],[81.288,28.648],[81.249,28.594],[81.168,28.524],[81.16,28.501],[81.147,28.498],[81.109,28.461],[81.091,28.457],[81.086,28.438],[81.069,28.426],[81.06,28.41],[81.067,28.395],[81.046,28.41],[81.035,28.413],[81.032,28.399],[81.021,28.41],[81.017,28.416],[81.034,28.428],[81.03,28.439],[81.019,28.432],[81.013,28.438],[81.018,28.452],[81.0,28.454],[80.989,28.442],[80.978,28.443],[80.979,28.434],[80.965,28.438],[80.965,28.445],[80.98,28.455],[80.967,28.457],[80.964,28.45],[80.952,28.448],[80.952,28.456],[80.932,28.459],[80.943,28.469],[80.931,28.458],[80.918,28.46],[80.915,28.468],[80.916,28.458],[80.906,28.466],[80.901,28.486],[80.909,28.498],[80.896,28.506],[80.876,28.51],[80.862,28.504],[80.866,28.49],[80.855,28.497],[80.844,28.496],[80.816,28.521],[80.789,28.524],[80.785,28.529],[80.79,28.543],[80.77,28.55],[80.768,28.566],[80.738,28.574],[80.739,28.566],[80.725,28.575],[80.715,28.568],[80.69,28.587],[80.696,28.603],[80.677,28.604],[80.68,28.621],[80.668,28.642],[80.651,28.634],[80.642,28.643],[80.633,28.637],[80.612,28.639],[80.606,28.652],[80.59,28.648],[80.598,28.656],[80.58,28.661],[80.59,28.68],[80.543,28.696],[80.539,28.716],[80.548,28.712],[80.55,28.72],[80.56,28.723],[80.538,28.739],[80.557,28.753],[80.545,28.752],[80.536,28.768],[80.55,28.778],[80.539,28.796],[80.511,28.815],[80.518,28.82],[80.518,28.832],[80.508,28.832],[80.497,28.855],[80.508,28.897],[80.503,28.912],[80.511,28.921],[80.488,28.924],[80.482,28.937],[80.468,28.939],[80.488,28.978],[80.485,28.998],[80.501,28.993],[80.519,28.999],[80.536,29.014],[80.534,29.03],[80.547,29.039],[80.545,29.05],[80.561,29.068],[80.566,29.062]]]}},{"type":"Feature","properties":{"name":"Kalikot","province":"6"},"geometry":{"type":"Polygon","coordinates":[[[81.805,29.453],[81.867,29.461],[81.885,29.443],[81.922,29.444],[81.931,29.437],[81.93,29.395],[81.924,29.385],[81.93,29.333],[81.907,29.322],[81.879,29.273],[81.86,29.273],[81.848,29.266],[81.85,29.245],[81.869,29.226],[81.876,29.227],[81.909,29.206],[81.908,29.188],[81.895,29.173],[81.904,29.157],[81.926,29.157],[81.944,29.149],[81.95,29.142],[81.948,29.129],[82.017,29.092],[82.012,29.03],[81.958,28.985],[81.92,28.978],[81.91,28.987],[81.889,28.984],[81.874,28.972],[81.865,28.971],[81.819,28.985],[81.793,29.005],[81.795,29.014],[81.783,29.018],[81.767,29.018],[81.751,29.01],[81.73,29.022],[81.716,29.02],[81.715,29.028],[81.702,29.032],[81.691,29.05],[81.651,29.04],[81.631,29.047],[81.613,29.034],[81.599,29.045],[81.564,29.054],[81.566,29.089],[81.579,29.109],[81.581,29.136],[81.568,29.127],[81.554,29.128],[81.535,29.137],[81.525,29.153],[81.499,29.152],[81.495,29.169],[81.487,29.173],[81.491,29.185],[81.482,29.201],[81.487,29.227],[81.5,29.239],[81.491,29.262],[81.468,29.272],[81.484,29.28],[81.508,29.315],[81.524,29.315],[81.558,29.358],[81.567,29.348],[81.582,29.365],[81.614,29.371],[81.635,29.364],[81.644,29.354],[81.642,29.334],[81.648,29.321],[81.669,29.317],[81.691,29.321],[81.703,29.331],[81.74,29.334],[81.752,29.352],[81.75,29.367],[81.761,29.387],[81.769,29.392],[81.789,29.389],[81.805,29.453]]]}},{"type":"Feature","properties":{"name":"Kanchanpur","province":"7"},"geometry":{"type":"Polygon","coordinates":[[[80.184,29.137],[80.186,29.087],[80.211,29.067],[80.212,29.057],[80.223,29.056],[80.228,29.046],[80.255,29.053],[80.273,29.046],[80.294,29.057],[80.313,29.058],[80.325,29.051],[80.349,29.054],[80.356,29.045],[80.387,29.047],[80.42,29.026],[80.46,29.037],[80.468,29.03],[80.469,29.019],[80.478,29.018],[80.472,28.997],[80.486,28.998],[80.49,28.983],[80.468,28.939],[80.482,28.937],[80.488,28.924],[80.511,28.921],[80.503,28.912],[80.508,28.897],[80.497,28.855],[80.508,28.832],[80.518,28.832],[80.518,28.82],[80.511,28.815],[80.539,28.796],[80.55,28.778],[80.549,28.772],[80.536,28.771],[80.541,28.756],[80.548,28.751],[80.557,28.754],[80.538,28.739],[80.56,28.723],[80.55,28.72],[80.549,28.712],[80.538,28.715],[80.543,28.696],[80.554,28.691],[80.54,28.691],[80.504,28.665],[80.522,28.577],[80.531,28.572],[80.523,28.553],[80.481,28.585],[80.469,28.583],[80.472,28.591],[80.46,28.614],[80.464,28.615],[80.452,28.629],[80.418,28.639],[80.376,28.628],[80.361,28.636],[80.36,28.645],[80.326,28.666],[80.317,28.7],[80.294,28.711],[80.278,28.71],[80.256,28.729],[80.265,28.744],[80.252,28.757],[80.216,28.755],[80.171,28.782],[80.118,28.829],[80.075,28.824],[80.065,28.837],[80.059,28.916],[80.1,28.986],[80.118,28.982],[80.127,29.006],[80.136,29.007],[80.125,29.013],[80.137,29.059],[80.129,29.061],[80.144,29.103],[80.184,29.137]]]}},{"type":"Feature","properties":{"name":"Kapilbastu","province":"5"},"geometry":{"type":"Polygon","coordinates":[[[83.017,27.81],[83.05,27.769],[83.053,27.757],[83.058,27.764],[83.066,27.758],[83.067,27.765],[83.087,27.775],[83.09,27.771],[83.093,27.783],[83.1,27.769],[83.122,27.762],[83.127,27.769],[83.186,27.754],[83.212,27.759],[83.215,27.727],[83.229,27.695],[83.221,27.646],[83.232,27.609],[83.204,27.56],[83.216,27.55],[83.233,27.514],[83.219,27.48],[83.227,27.469],[83.217,27.444],[83.231,27.431],[83.222,27.419],[83.211,27.424],[83.188,27.454],[83.165,27.458],[83.034,27.449],[82.954,27.468],[82.929,27.501],[82.833,27.502],[82.802,27.497],[82.735,27.503],[82.737,27.518],[82.75,27.523],[82.738,27.552],[82.747,27.555],[82.744,27.561],[82.751,27.565],[82.748,27.572],[82.756,27.588],[82.735,27.61],[82.737,27.622],[82.731,27.624],[82.737,27.626],[82.736,27.643],[82.728,27.646],[82.726,27.658],[82.712,27.665],[82.718,27.687],[82.706,27.703],[82.708,27.725],[82.696,27.757],[82.723,27.759],[82.735,27.776],[82.782,27.778],[82.784,27.769],[82.798,27.774],[82.805,27.781],[82.804,27.795],[82.841,27.79],[82.899,27.794],[82.93,27.784],[82.961,27.796],[82.996,27.793],[83.02,27.821],[83.017,27.81]]]}},{"type":"Feature","properties":{"name":"Kaski","province":"4"},"geometry":{"type":"Polygon","coordinates":[[[83.875,28.613],[83.939,28.601],[83.964,28.605],[83.99,28.584],[84.013,28.587],[84.031,28.573],[84.06,28.563],[84.085,28.539],[84.124,28.535],[84.137,28.539],[84.162,28.512],[84.185,28.506],[84.189,28.489],[84.226,28.481],[84.262,28.482],[84.279,28.471],[84.266,28.452],[84.246,28.442],[84.245,28.424],[84.23,28.416],[84.215,28.394],[84.218,28.36],[84.187,28.292],[84.211,28.266],[84.21,28.212],[84.201,28.2],[84.191,28.196],[84.194,28.188],[84.206,28.189],[84.219,28.181],[84.213,28.172],[84.229,28.141],[84.217,28.124],[84.229,28.102],[84.226,28.096],[84.219,28.1],[84.191,28.095],[84.179,28.101],[84.158,28.097],[84.145,28.106],[84.105,28.111],[84.07,28.078],[84.058,28.088],[84.048,28.084],[84.038,28.092],[84.042,28.095],[84.03,28.1],[84.026,28.096],[84.027,28.105],[84.012,28.106],[84.015,28.11],[83.999,28.122],[84.002,28.132],[83.98,28.143],[83.961,28.139],[83.93,28.144],[83.924,28.15],[83.924,28.169],[83.905,28.177],[83.891,28.195],[83.856,28.194],[83.837,28.212],[83.817,28.21],[83.798,28.229],[83.823,28.251],[83.821,28.26],[83.801,28.261],[83.766,28.274],[83.775,28.285],[83.762,28.293],[83.774,28.309],[83.726,28.349],[83.728,28.356],[83.719,28.368],[83.723,28.375],[83.705,28.388],[83.701,28.399],[83.759,28.394],[83.757,28.406],[83.745,28.403],[83.732,28.42],[83.737,28.438],[83.754,28.458],[83.752,28.472],[83.773,28.48],[83.802,28.515],[83.814,28.518],[83.829,28.534],[83.802,28.58],[83.819,28.595],[83.875,28.613]]]}},{"type":"Feature","properties":{"name":"Kathmandu","province":"3"},"geometry":{"type":"Polygon","coordinates":[[[85.449,27.818],[85.468,27.797],[85.473,27.778],[85.533,27.792],[85.566,27.765],[85.564,27.755],[85.538,27.755],[85.525,27.737],[85.525,27.726],[85.512,27.728],[85.475,27.716],[85.439,27.728],[85.421,27.724],[85.396,27.701],[85.389,27.702],[85.385,27.693],[85.376,27.695],[85.357,27.683],[85.352,27.668],[85.327,27.686],[85.304,27.692],[85.292,27.673],[85.297,27.661],[85.282,27.644],[85.295,27.627],[85.292,27.598],[85.28,27.595],[85.285,27.586],[85.267,27.571],[85.259,27.577],[85.242,27.579],[85.236,27.62],[85.222,27.629],[85.233,27.65],[85.189,27.681],[85.2,27.708],[85.197,27.716],[85.222,27.728],[85.214,27.737],[85.251,27.749],[85.267,27.746],[85.27,27.761],[85.252,27.775],[85.268,27.782],[85.297,27.812],[85.332,27.815],[85.345,27.809],[85.362,27.814],[85.373,27.809],[85.392,27.817],[85.413,27.81],[85.449,27.818]]]}},{"type":"Feature","properties":{"name":"Khotang","province":"1"},"geometry":{"type":"Polygon","coordinates":[[[86.835,27.431],[86.906,27.433],[86.91,27.408],[86.92,27.39],[86.931,27.385],[86.924,27.371],[86.932,27.357],[86.947,27.352],[86.949,27.336],[86.985,27.308],[86.966,27.296],[86.966,27.285],[86.948,27.266],[86.912,27.267],[86.895,27.25],[86.928,27.223],[86.93,27.203],[86.913,27.17],[86.923,27.157],[86.917,27.129],[86.895,27.115],[86.923,27.092],[86.946,27.086],[86.963,27.061],[86.945,27.02],[86.967,27.007],[86.966,26.992],[86.957,26.985],[86.972,26.974],[86.973,26.957],[86.952,26.905],[86.931,26.908],[86.914,26.896],[86.862,26.895],[86.839,26.885],[86.834,26.875],[86.807,26.873],[86.78,26.888],[86.772,26.885],[86.774,26.897],[86.761,26.924],[86.764,26.958],[86.755,26.974],[86.747,27.024],[86.727,27.039],[86.72,27.062],[86.71,27.068],[86.698,27.095],[86.669,27.12],[86.581,27.152],[86.533,27.135],[86.515,27.114],[86.466,27.102],[86.446,27.133],[86.426,27.134],[86.447,27.164],[86.468,27.168],[86.491,27.187],[86.525,27.193],[86.548,27.218],[86.556,27.219],[86.557,27.227],[86.587,27.224],[86.597,27.235],[86.619,27.235],[86.621,27.246],[86.631,27.248],[86.635,27.256],[86.669,27.269],[86.673,27.289],[86.667,27.298],[86.676,27.298],[86.686,27.31],[86.678,27.343],[86.681,27.391],[86.752,27.394],[86.771,27.412],[86.789,27.407],[86.804,27.415],[86.821,27.44],[86.835,27.431]]]}},{"type":"Feature","properties":{"name":"Lalitpur","province":"3"},"geometry":{"type":"Polygon","coordinates":[[[85.304,27.692],[85.348,27.669],[85.361,27.669],[85.361,27.661],[85.369,27.661],[85.37,27.655],[85.39,27.645],[85.396,27.633],[85.436,27.608],[85.424,27.593],[85.415,27.599],[85.417,27.607],[85.403,27.602],[85.402,27.573],[85.387,27.563],[85.404,27.545],[85.416,27.548],[85.425,27.541],[85.437,27.542],[85.441,27.532],[85.439,27.489],[85.443,27.48],[85.407,27.448],[85.418,27.444],[85.41,27.433],[85.409,27.417],[85.419,27.41],[85.414,27.405],[85.399,27.404],[85.395,27.411],[85.384,27.408],[85.369,27.424],[85.329,27.438],[85.316,27.436],[85.313,27.445],[85.295,27.452],[85.264,27.455],[85.247,27.477],[85.248,27.497],[85.234,27.505],[85.251,27.528],[85.232,27.537],[85.247,27.55],[85.254,27.569],[85.267,27.571],[85.285,27.586],[85.28,27.595],[85.286,27.594],[85.294,27.604],[85.293,27.634],[85.282,27.644],[85.297,27.661],[85.292,27.673],[85.304,27.692]]]}},{"type":"Feature","properties":{"name":"Lamjung","province":"4"},"geometry":{"type":"Polygon","coordinates":[[[84.442,28.51],[84.461,28.5],[84.491,28.462],[84.531,28.473],[84.551,28.471],[84.568,28.483],[84.583,28.477],[84.599,28.452],[84.622,28.449],[84.637,28.439],[84.647,28.419],[84.676,28.387],[84.676,28.376],[84.695,28.362],[84.68,28.343],[84.669,28.342],[84.668,28.328],[84.659,28.323],[84.66,28.315],[84.646,28.293],[84.651,28.264],[84.633,28.23],[84.64,28.203],[84.633,28.189],[84.612,28.173],[84.609,28.16],[84.585,28.146],[84.574,28.131],[84.556,28.125],[84.542,28.101],[84.513,28.088],[84.478,28.089],[84.488,28.077],[84.482,28.056],[84.444,28.104],[84.396,28.13],[84.329,28.124],[84.31,28.107],[84.232,28.079],[84.226,28.095],[84.229,28.102],[84.217,28.124],[84.229,28.14],[84.213,28.172],[84.219,28.181],[84.206,28.189],[84.194,28.188],[84.191,28.196],[84.205,28.203],[84.213,28.228],[84.211,28.266],[84.187,28.292],[84.218,28.36],[84.214,28.392],[84.23,28.416],[84.245,28.424],[84.246,28.442],[84.269,28.457],[84.288,28.445],[84.374,28.454],[84.373,28.461],[84.398,28.457],[84.416,28.471],[84.423,28.503],[84.442,28.51]]]}},{"type":"Feature","properties":{"name":"Mahottari","province":"2"},"geometry":{"type":"Polygon","coordinates":[[[85.827,27.168],[85.843,27.16],[85.836,27.147],[85.862,27.127],[85.883,27.146],[85.906,27.134],[85.901,27.127],[85.906,27.12],[85.937,27.096],[85.935,27.077],[85.945,27.062],[85.932,27.043],[85.917,27.043],[85.914,27.038],[85.927,27.029],[85.911,27.008],[85.914,26.991],[85.906,26.961],[85.918,26.959],[85.917,26.95],[85.895,26.878],[85.917,26.871],[85.92,26.846],[85.909,26.785],[85.88,26.752],[85.894,26.721],[85.887,26.698],[85.906,26.681],[85.897,26.669],[85.906,26.664],[85.905,26.654],[85.863,26.628],[85.862,26.618],[85.852,26.615],[85.853,26.605],[85.831,26.611],[85.83,26.602],[85.818,26.603],[85.803,26.615],[85.801,26.624],[85.769,26.63],[85.734,26.651],[85.736,26.664],[85.725,26.67],[85.723,26.687],[85.726,26.721],[85.734,26.738],[85.729,26.75],[85.734,26.796],[85.721,26.821],[85.68,26.843],[85.676,26.864],[85.689,26.872],[85.688,26.882],[85.71,26.904],[85.705,26.906],[85.711,26.912],[85.706,26.92],[85.712,26.921],[85.707,26.924],[85.713,26.925],[85.711,26.932],[85.731,26.964],[85.748,27.035],[85.781,27.072],[85.787,27.093],[85.798,27.095],[85.794,27.1],[85.801,27.106],[85.792,27.108],[85.798,27.114],[85.791,27.118],[85.798,27.123],[85.793,27.138],[85.827,27.168]]]}},{"type":"Feature","properties":{"name":"Makawanpur","province":"3"},"geometry":{"type":"Polygon","coordinates":[[[85.09,27.712],[85.142,27.671],[85.162,27.671],[85.189,27.681],[85.233,27.65],[85.223,27.626],[85.237,27.617],[85.243,27.595],[85.24,27.581],[85.26,27.577],[85.263,27.571],[85.254,27.569],[85.247,27.55],[85.232,27.537],[85.251,27.528],[85.234,27.505],[85.248,27.497],[85.244,27.487],[85.259,27.458],[85.295,27.452],[85.313,27.445],[85.316,27.436],[85.329,27.438],[85.369,27.424],[85.385,27.408],[85.395,27.411],[85.406,27.403],[85.418,27.409],[85.42,27.403],[85.432,27.41],[85.433,27.403],[85.447,27.397],[85.448,27.388],[85.459,27.395],[85.463,27.386],[85.47,27.388],[85.474,27.377],[85.478,27.378],[85.467,27.358],[85.448,27.35],[85.446,27.337],[85.425,27.333],[85.418,27.321],[85.437,27.284],[85.448,27.285],[85.481,27.268],[85.489,27.25],[85.488,27.22],[85.504,27.222],[85.501,27.208],[85.51,27.198],[85.504,27.194],[85.488,27.198],[85.492,27.187],[85.48,27.181],[85.49,27.172],[85.495,27.174],[85.489,27.166],[85.473,27.162],[85.456,27.167],[85.448,27.187],[85.399,27.197],[85.393,27.21],[85.36,27.211],[85.349,27.222],[85.338,27.22],[85.307,27.232],[85.262,27.227],[85.252,27.245],[85.242,27.249],[85.232,27.243],[85.202,27.25],[85.193,27.245],[85.179,27.248],[85.181,27.255],[85.156,27.262],[85.145,27.273],[85.145,27.283],[85.126,27.293],[85.117,27.317],[85.104,27.32],[85.095,27.332],[85.091,27.357],[85.085,27.362],[85.061,27.36],[85.056,27.366],[85.025,27.359],[85.021,27.352],[85.004,27.353],[84.999,27.366],[84.972,27.355],[84.964,27.364],[84.957,27.359],[84.952,27.367],[84.945,27.36],[84.941,27.366],[84.926,27.364],[84.908,27.377],[84.901,27.375],[84.897,27.386],[84.882,27.388],[84.877,27.398],[84.852,27.399],[84.84,27.415],[84.825,27.42],[84.81,27.416],[84.809,27.425],[84.791,27.438],[84.755,27.436],[84.726,27.445],[84.719,27.431],[84.665,27.43],[84.668,27.445],[84.692,27.459],[84.686,27.463],[84.697,27.475],[84.681,27.513],[84.68,27.552],[84.69,27.564],[84.703,27.559],[84.71,27.562],[84.731,27.582],[84.738,27.604],[84.732,27.624],[84.723,27.626],[84.717,27.637],[84.722,27.646],[84.73,27.646],[84.732,27.656],[84.746,27.656],[84.744,27.647],[84.767,27.657],[84.77,27.668],[84.792,27.687],[84.8,27.671],[84.829,27.692],[84.866,27.68],[84.88,27.669],[84.907,27.699],[84.922,27.689],[84.952,27.683],[84.99,27.708],[85.013,27.707],[85.031,27.698],[85.039,27.706],[85.043,27.69],[85.052,27.699],[85.061,27.695],[85.066,27.703],[85.09,27.712]]]}},{"type":"Feature","properties":{"name":"Manang","province":"4"},"geometry":{"type":"Polygon","coordinates":[[[84.187,28.9],[84.253,28.89],[84.266,28.898],[84.288,28.877],[84.324,28.863],[84.343,28.873],[84.357,28.859],[84.375,28.864],[84.409,28.853],[84.401,28.83],[84.419,28.832],[84.435,28.821],[84.43,28.813],[84.432,28.801],[84.445,28.793],[84.446,28.783],[84.437,28.769],[84.452,28.765],[84.46,28.751],[84.481,28.747],[84.492,28.735],[84.482,28.718],[84.501,28.699],[84.52,28.695],[84.513,28.674],[84.522,28.663],[84.519,28.652],[84.531,28.646],[84.543,28.627],[84.541,28.598],[84.552,28.559],[84.547,28.555],[84.559,28.55],[84.56,28.533],[84.571,28.51],[84.564,28.478],[84.491,28.462],[84.461,28.5],[84.432,28.51],[84.417,28.491],[84.416,28.471],[84.398,28.457],[84.373,28.461],[84.374,28.454],[84.28,28.446],[84.269,28.457],[84.279,28.471],[84.267,28.48],[84.226,28.481],[84.189,28.489],[84.185,28.506],[84.162,28.512],[84.137,28.539],[84.124,28.535],[84.085,28.539],[84.06,28.563],[84.031,28.573],[84.013,28.587],[83.99,28.584],[83.964,28.605],[83.939,28.601],[83.872,28.613],[83.85,28.654],[83.789,28.693],[83.813,28.714],[83.845,28.727],[83.864,28.723],[83.891,28.744],[83.897,28.771],[83.939,28.788],[83.938,28.825],[83.95,28.835],[83.96,28.834],[83.968,28.817],[83.995,28.813],[84.015,28.798],[84.047,28.823],[84.052,28.843],[84.061,28.839],[84.085,28.85],[84.089,28.855],[84.084,28.866],[84.096,28.887],[84.115,28.881],[84.131,28.889],[84.158,28.872],[84.187,28.9]]]}},{"type":"Feature","properties":{"name":"Morang","province":"1"},"geometry":{"type":"Polygon","coordinates":[[[87.507,26.87],[87.509,26.858],[87.52,26.862],[87.531,26.857],[87.54,26.863],[87.573,26.857],[87.6,26.862],[87.622,26.843],[87.648,26.831],[87.652,26.819],[87.662,26.815],[87.656,26.798],[87.679,26.782],[87.663,26.761],[87.676,26.752],[87.69,26.757],[87.679,26.731],[87.655,26.715],[87.653,26.686],[87.642,26.654],[87.654,26.634],[87.655,26.616],[87.647,26.6],[87.638,26.598],[87.642,26.584],[87.636,26.581],[87.646,26.549],[87.643,26.508],[87.65,26.481],[87.66,26.471],[87.658,26.46],[87.673,26.45],[87.672,26.442],[87.679,26.437],[87.678,26.416],[87.65,26.406],[87.652,26.394],[87.627,26.394],[87.612,26.39],[87.607,26.381],[87.587,26.382],[87.588,26.393],[87.553,26.406],[87.548,26.419],[87.467,26.44],[87.428,26.423],[87.389,26.419],[87.376,26.407],[87.369,26.408],[87.356,26.388],[87.353,26.372],[87.358,26.361],[87.341,26.348],[87.312,26.372],[87.301,26.366],[87.289,26.374],[87.266,26.374],[87.266,26.406],[87.25,26.41],[87.243,26.418],[87.247,26.454],[87.239,26.47],[87.254,26.519],[87.251,26.522],[87.248,26.516],[87.246,26.521],[87.255,26.529],[87.254,26.537],[87.261,26.534],[87.266,26.549],[87.284,26.559],[87.291,26.577],[87.285,26.593],[87.301,26.615],[87.301,26.63],[87.285,26.657],[87.289,26.67],[87.304,26.677],[87.319,26.716],[87.325,26.715],[87.339,26.737],[87.338,26.753],[87.324,26.775],[87.324,26.787],[87.349,26.82],[87.354,26.839],[87.347,26.85],[87.369,26.846],[87.384,26.854],[87.392,26.866],[87.421,26.871],[87.429,26.864],[87.449,26.864],[87.453,26.858],[87.488,26.873],[87.507,26.87]]]}},{"type":"Feature","properties":{"name":"Mugu","province":"6"},"geometry":{"type":"Polygon","coordinates":[[[82.563,29.955],[82.567,29.932],[82.585,29.921],[82.602,29.889],[82.643,29.87],[82.632,29.85],[82.622,29.847],[82.621,29.837],[82.64,29.834],[82.697,29.855],[82.711,29.839],[82.727,29.835],[82.737,29.814],[82.71,29.793],[82.694,29.791],[82.696,29.782],[82.687,29.773],[82.69,29.763],[82.724,29.771],[82.752,29.766],[82.767,29.742],[82.763,29.731],[82.798,29.719],[82.818,29.721],[82.821,29.714],[82.816,29.702],[82.827,29.69],[82.827,29.649],[82.798,29.64],[82.794,29.632],[82.819,29.559],[82.803,29.552],[82.782,29.514],[82.732,29.508],[82.724,29.479],[82.735,29.468],[82.717,29.445],[82.715,29.432],[82.69,29.425],[82.687,29.413],[82.673,29.402],[82.661,29.402],[82.652,29.391],[82.642,29.385],[82.624,29.398],[82.623,29.425],[82.586,29.423],[82.559,29.411],[82.542,29.421],[82.513,29.421],[82.502,29.446],[82.506,29.471],[82.496,29.494],[82.453,29.465],[82.448,29.45],[82.432,29.443],[82.411,29.451],[82.411,29.464],[82.386,29.502],[82.364,29.49],[82.346,29.494],[82.34,29.504],[82.317,29.507],[82.301,29.494],[82.306,29.479],[82.299,29.471],[82.294,29.443],[82.267,29.445],[82.247,29.433],[82.24,29.439],[82.222,29.429],[82.214,29.407],[82.194,29.411],[82.184,29.406],[82.144,29.429],[82.143,29.457],[82.131,29.47],[82.102,29.459],[82.082,29.483],[82.041,29.483],[82.014,29.462],[82.006,29.473],[81.979,29.473],[81.964,29.446],[81.938,29.444],[81.931,29.437],[81.922,29.444],[81.885,29.443],[81.867,29.461],[81.808,29.454],[81.804,29.475],[81.788,29.5],[81.762,29.505],[81.781,29.509],[81.777,29.517],[81.793,29.531],[81.79,29.541],[81.799,29.558],[81.79,29.596],[81.774,29.606],[81.785,29.625],[81.853,29.619],[81.873,29.635],[81.89,29.667],[81.918,29.664],[81.931,29.678],[81.947,29.675],[81.993,29.704],[82.006,29.727],[82.036,29.749],[82.06,29.746],[82.061,29.728],[82.101,29.686],[82.101,29.666],[82.114,29.653],[82.103,29.635],[82.143,29.646],[82.156,29.658],[82.193,29.653],[82.202,29.66],[82.215,29.655],[82.219,29.664],[82.234,29.663],[82.232,29.701],[82.261,29.703],[82.282,29.692],[82.298,29.697],[82.313,29.712],[82.34,29.716],[82.362,29.703],[82.393,29.697],[82.411,29.714],[82.414,29.732],[82.398,29.761],[82.413,29.778],[82.404,29.787],[82.401,29.805],[82.406,29.811],[82.423,29.807],[82.439,29.816],[82.44,29.824],[82.43,29.835],[82.435,29.861],[82.463,29.865],[82.459,29.882],[82.448,29.889],[82.455,29.897],[82.468,29.899],[82.474,29.907],[82.471,29.92],[82.488,29.928],[82.498,29.947],[82.514,29.952],[82.529,29.971],[82.563,29.955]]]}},{"type":"Feature","properties":{"name":"Mustang","province":"4"},"geometry":{"type":"Polygon","coordinates":[[[83.964,29.331],[83.999,29.315],[84.0,29.307],[83.988,29.301],[84.016,29.289],[84.026,29.286],[84.044,29.301],[84.069,29.285],[84.088,29.295],[84.12,29.28],[84.122,29.27],[84.112,29.263],[84.116,29.244],[84.141,29.236],[84.157,29.242],[84.179,29.238],[84.193,29.244],[84.201,29.24],[84.2,29.214],[84.188,29.206],[84.178,29.207],[84.162,29.185],[84.175,29.131],[84.201,29.124],[84.202,29.104],[84.186,29.081],[84.19,29.047],[84.222,29.054],[84.248,29.037],[84.248,29.013],[84.238,28.988],[84.242,28.976],[84.231,28.96],[84.22,28.916],[84.226,28.894],[84.184,28.9],[84.158,28.872],[84.131,28.889],[84.115,28.881],[84.096,28.887],[84.084,28.866],[84.089,28.855],[84.085,28.85],[84.061,28.839],[84.052,28.843],[84.047,28.823],[84.015,28.798],[83.995,28.813],[83.968,28.817],[83.96,28.834],[83.95,28.835],[83.938,28.825],[83.939,28.788],[83.897,28.771],[83.891,28.744],[83.872,28.727],[83.836,28.724],[83.777,28.689],[83.744,28.69],[83.728,28.667],[83.73,28.655],[83.707,28.64],[83.697,28.617],[83.686,28.614],[83.677,28.585],[83.663,28.567],[83.638,28.567],[83.643,28.573],[83.621,28.576],[83.597,28.589],[83.58,28.583],[83.564,28.607],[83.561,28.644],[83.544,28.655],[83.541,28.672],[83.528,28.688],[83.54,28.697],[83.537,28.711],[83.559,28.746],[83.556,28.766],[83.549,28.775],[83.504,28.793],[83.487,28.791],[83.48,28.838],[83.482,28.845],[83.502,28.846],[83.506,28.865],[83.5,28.877],[83.546,28.922],[83.559,28.945],[83.567,28.943],[83.58,28.956],[83.589,28.981],[83.599,28.986],[83.609,28.98],[83.615,28.988],[83.613,29.036],[83.62,29.06],[83.632,29.065],[83.631,29.081],[83.616,29.098],[83.629,29.107],[83.65,29.105],[83.651,29.119],[83.66,29.124],[83.68,29.124],[83.676,29.149],[83.663,29.157],[83.666,29.17],[83.657,29.176],[83.664,29.184],[83.656,29.204],[83.684,29.213],[83.711,29.245],[83.762,29.24],[83.771,29.247],[83.797,29.25],[83.802,29.256],[83.795,29.277],[83.808,29.286],[83.813,29.302],[83.848,29.298],[83.857,29.31],[83.898,29.319],[83.905,29.326],[83.947,29.317],[83.964,29.331]]]}},{"type":"Feature","properties":{"name":"Myagdi","province":"4"},"geometry":{"type":"Polygon","coordinates":[[[83.506,28.79],[83.549,28.775],[83.556,28.765],[83.559,28.746],[83.537,28.711],[83.54,28.697],[83.528,28.688],[83.541,28.672],[83.544,28.655],[83.561,28.644],[83.564,28.607],[83.58,28.583],[83.597,28.589],[83.621,28.576],[83.643,28.573],[83.638,28.567],[83.663,28.567],[83.677,28.585],[83.686,28.614],[83.697,28.617],[83.707,28.64],[83.73,28.655],[83.728,28.667],[83.744,28.69],[83.767,28.687],[83.789,28.693],[83.812,28.683],[83.85,28.653],[83.871,28.615],[83.819,28.595],[83.802,28.58],[83.829,28.534],[83.814,28.518],[83.802,28.515],[83.773,28.48],[83.752,28.472],[83.754,28.458],[83.737,28.438],[83.732,28.42],[83.745,28.403],[83.757,28.406],[83.759,28.394],[83.688,28.399],[83.68,28.371],[83.658,28.348],[83.634,28.366],[83.627,28.381],[83.597,28.392],[83.57,28.375],[83.568,28.341],[83.597,28.315],[83.601,28.298],[83.563,28.317],[83.547,28.314],[83.535,28.303],[83.527,28.315],[83.498,28.324],[83.485,28.32],[83.444,28.329],[83.439,28.34],[83.424,28.341],[83.411,28.358],[83.378,28.355],[83.364,28.371],[83.336,28.371],[83.312,28.355],[83.302,28.356],[83.286,28.369],[83.279,28.368],[83.287,28.38],[83.282,28.393],[83.29,28.397],[83.297,28.416],[83.28,28.433],[83.275,28.43],[83.273,28.442],[83.29,28.447],[83.3,28.461],[83.297,28.47],[83.283,28.476],[83.274,28.494],[83.255,28.496],[83.258,28.501],[83.219,28.514],[83.169,28.493],[83.131,28.496],[83.126,28.528],[83.102,28.541],[83.101,28.567],[83.109,28.581],[83.106,28.628],[83.116,28.632],[83.115,28.644],[83.124,28.659],[83.119,28.673],[83.145,28.681],[83.143,28.693],[83.153,28.701],[83.143,28.734],[83.145,28.747],[83.186,28.744],[83.21,28.732],[83.229,28.743],[83.277,28.722],[83.326,28.738],[83.362,28.734],[83.389,28.763],[83.41,28.761],[83.483,28.783],[83.487,28.791],[83.506,28.79]]]}},{"type":"Feature","properties":{"name":"Nawalparasi East","province":"4"},"geometry":{"type":"Polygon","coordinates":[[[84.078,27.87],[84.101,27.866],[84.095,27.86],[84.1,27.856],[84.109,27.862],[84.118,27.851],[84.12,27.86],[84.125,27.86],[84.13,27.855],[84.122,27.847],[84.156,27.848],[84.156,27.84],[84.173,27.852],[84.191,27.847],[84.202,27.852],[84.21,27.839],[84.214,27.847],[84.225,27.837],[84.228,27.846],[84.24,27.847],[84.253,27.838],[84.266,27.839],[84.268,27.833],[84.292,27.838],[84.306,27.819],[84.298,27.806],[84.3,27.792],[84.314,27.785],[84.316,27.763],[84.325,27.749],[84.34,27.744],[84.344,27.751],[84.361,27.754],[84.372,27.778],[84.392,27.776],[84.419,27.758],[84.431,27.706],[84.379,27.681],[84.36,27.698],[84.344,27.702],[84.258,27.651],[84.25,27.654],[84.207,27.639],[84.135,27.585],[84.115,27.553],[84.075,27.56],[84.064,27.551],[84.051,27.557],[84.031,27.537],[83.97,27.551],[83.948,27.54],[83.924,27.545],[83.919,27.533],[83.926,27.515],[83.942,27.516],[83.954,27.528],[83.966,27.522],[83.969,27.511],[83.939,27.492],[83.945,27.466],[83.936,27.452],[83.896,27.438],[83.888,27.447],[83.885,27.481],[83.875,27.489],[83.898,27.499],[83.876,27.51],[83.882,27.528],[83.847,27.56],[83.836,27.545],[83.832,27.566],[83.842,27.573],[83.836,27.586],[83.822,27.593],[83.808,27.589],[83.809,27.595],[83.79,27.606],[83.8,27.612],[83.797,27.62],[83.805,27.621],[83.801,27.63],[83.81,27.636],[83.807,27.648],[83.812,27.662],[83.783,27.667],[83.763,27.661],[83.758,27.667],[83.725,27.673],[83.708,27.659],[83.695,27.662],[83.705,27.683],[83.69,27.698],[83.683,27.718],[83.677,27.719],[83.682,27.721],[83.714,27.716],[83.729,27.709],[83.751,27.721],[83.782,27.725],[83.82,27.711],[83.846,27.71],[83.845,27.735],[83.896,27.73],[83.905,27.736],[83.924,27.727],[83.951,27.748],[83.99,27.749],[84.0,27.789],[84.027,27.821],[84.02,27.841],[84.029,27.856],[84.039,27.857],[84.041,27.85],[84.049,27.856],[84.053,27.849],[84.072,27.865],[84.079,27.864],[84.078,27.87]]]}},{"type":"Feature","properties":{"name":"Nawalparasi West","province":"5"},"geometry":{"type":"Polygon","coordinates":[[[83.635,27.692],[83.653,27.691],[83.683,27.664],[83.706,27.659],[83.725,27.673],[83.758,27.667],[83.763,27.661],[83.783,27.667],[83.812,27.662],[83.807,27.648],[83.81,27.636],[83.801,27.63],[83.805,27.621],[83.797,27.62],[83.8,27.613],[83.791,27.605],[83.809,27.595],[83.808,27.589],[83.821,27.593],[83.836,27.586],[83.842,27.573],[83.832,27.566],[83.836,27.545],[83.843,27.558],[83.851,27.559],[83.855,27.549],[83.882,27.528],[83.876,27.51],[83.898,27.499],[83.875,27.489],[83.885,27.481],[83.888,27.447],[83.896,27.438],[83.867,27.427],[83.876,27.406],[83.873,27.392],[83.906,27.389],[83.904,27.378],[83.888,27.358],[83.863,27.347],[83.83,27.37],[83.615,27.47],[83.611,27.49],[83.593,27.502],[83.598,27.519],[83.591,27.521],[83.594,27.528],[83.587,27.532],[83.596,27.547],[83.59,27.551],[83.596,27.573],[83.581,27.575],[83.583,27.589],[83.572,27.61],[83.575,27.618],[83.581,27.617],[83.598,27.631],[83.603,27.648],[83.63,27.665],[83.635,27.692]]]}},{"type":"Feature","properties":{"name":"Nuwakot","province":"3"},"geometry":{"type":"Polygon","coordinates":[[[85.135,28.084],[85.155,28.088],[85.171,28.083],[85.133,28.038],[85.144,28.028],[85.187,28.019],[85.18,27.988],[85.184,27.973],[85.255,27.975],[85.276,27.965],[85.29,27.983],[85.33,27.989],[85.342,28.01],[85.359,28.013],[85.403,28.039],[85.405,28.055],[85.412,28.062],[85.426,28.062],[85.433,28.081],[85.442,28.083],[85.47,28.064],[85.494,28.038],[85.497,28.02],[85.487,27.993],[85.492,27.972],[85.484,27.97],[85.478,27.959],[85.488,27.92],[85.475,27.885],[85.468,27.882],[85.47,27.869],[85.451,27.85],[85.447,27.815],[85.421,27.81],[85.392,27.817],[85.373,27.809],[85.362,27.814],[85.345,27.809],[85.333,27.815],[85.3,27.813],[85.267,27.781],[85.247,27.773],[85.232,27.771],[85.23,27.777],[85.206,27.774],[85.204,27.769],[85.202,27.774],[85.198,27.769],[85.179,27.772],[85.176,27.767],[85.125,27.761],[85.115,27.774],[85.053,27.797],[85.042,27.817],[85.012,27.81],[85.023,27.833],[85.014,27.833],[85.007,27.851],[84.989,27.858],[84.995,27.875],[84.989,27.885],[85.016,27.944],[85.015,27.951],[85.008,27.951],[85.029,27.972],[85.032,27.99],[85.03,27.996],[85.003,28.0],[84.99,28.016],[84.989,28.029],[85.013,28.026],[85.033,28.032],[85.055,28.05],[85.062,28.067],[85.115,28.077],[85.122,28.091],[85.135,28.084]]]}},{"type":"Feature","properties":{"name":"Okhaldhunga","province":"1"},"geometry":{"type":"Polygon","coordinates":[[[86.357,27.525],[86.375,27.516],[86.401,27.517],[86.423,27.487],[86.44,27.486],[86.455,27.455],[86.467,27.446],[86.46,27.434],[86.465,27.428],[86.473,27.421],[86.503,27.425],[86.51,27.411],[86.564,27.366],[86.571,27.341],[86.657,27.34],[86.679,27.354],[86.686,27.31],[86.676,27.298],[86.667,27.298],[86.673,27.289],[86.669,27.269],[86.635,27.256],[86.631,27.248],[86.621,27.246],[86.619,27.235],[86.597,27.235],[86.587,27.224],[86.557,27.227],[86.556,27.219],[86.548,27.218],[86.525,27.193],[86.491,27.187],[86.468,27.168],[86.447,27.164],[86.428,27.147],[86.42,27.151],[86.417,27.166],[86.386,27.181],[86.379,27.193],[86.344,27.203],[86.341,27.229],[86.295,27.238],[86.267,27.254],[86.266,27.261],[86.23,27.237],[86.204,27.25],[86.214,27.269],[86.241,27.289],[86.237,27.306],[86.216,27.334],[86.228,27.398],[86.248,27.421],[86.264,27.456],[86.292,27.47],[86.338,27.52],[86.357,27.525]]]}},{"type":"Feature","properties":{"name":"Palpa","province":"5"},"geometry":{"type":"Polygon","coordinates":[[[83.378,27.958],[83.41,27.931],[83.432,27.94],[83.448,27.929],[83.461,27.934],[83.484,27.923],[83.49,27.929],[83.506,27.929],[83.507,27.941],[83.516,27.938],[83.524,27.924],[83.531,27.939],[83.538,27.928],[83.548,27.928],[83.566,27.935],[83.571,27.943],[83.575,27.93],[83.593,27.931],[83.601,27.923],[83.616,27.931],[83.626,27.926],[83.621,27.918],[83.634,27.914],[83.634,27.899],[83.655,27.903],[83.676,27.928],[83.683,27.916],[83.689,27.924],[83.698,27.917],[83.719,27.92],[83.743,27.9],[83.748,27.901],[83.745,27.908],[83.757,27.903],[83.756,27.909],[83.762,27.91],[83.806,27.874],[83.821,27.878],[83.841,27.868],[83.847,27.87],[83.845,27.882],[83.858,27.874],[83.861,27.882],[83.878,27.888],[83.881,27.882],[83.892,27.886],[83.91,27.88],[83.911,27.873],[83.925,27.868],[83.939,27.878],[83.949,27.869],[83.972,27.873],[83.978,27.866],[83.995,27.866],[84.0,27.855],[84.021,27.851],[84.015,27.858],[84.02,27.862],[84.029,27.856],[84.02,27.841],[84.027,27.821],[84.0,27.789],[83.994,27.751],[83.951,27.748],[83.924,27.727],[83.905,27.736],[83.896,27.73],[83.845,27.735],[83.846,27.71],[83.82,27.711],[83.782,27.725],[83.751,27.721],[83.729,27.709],[83.679,27.72],[83.705,27.683],[83.695,27.662],[83.683,27.664],[83.653,27.691],[83.631,27.694],[83.622,27.688],[83.609,27.702],[83.578,27.705],[83.531,27.726],[83.492,27.726],[83.487,27.731],[83.476,27.722],[83.455,27.728],[83.444,27.724],[83.432,27.739],[83.416,27.742],[83.406,27.735],[83.389,27.749],[83.371,27.735],[83.358,27.752],[83.346,27.75],[83.329,27.768],[83.314,27.763],[83.303,27.768],[83.286,27.757],[83.26,27.757],[83.258,27.785],[83.245,27.79],[83.248,27.808],[83.231,27.823],[83.248,27.832],[83.29,27.828],[83.293,27.838],[83.31,27.852],[83.301,27.86],[83.317,27.86],[83.33,27.875],[83.309,27.889],[83.311,27.902],[83.297,27.911],[83.307,27.915],[83.309,27.926],[83.338,27.923],[83.346,27.931],[83.345,27.95],[83.378,27.958]]]}},{"type":"Feature","properties":{"name":"Panchthar","province":"1"},"geometry":{"type":"Polygon","coordinates":[[[88.068,27.438],[88.08,27.427],[88.055,27.418],[88.047,27.405],[88.042,27.37],[88.058,27.356],[88.067,27.336],[88.042,27.304],[88.045,27.294],[88.032,27.286],[88.031,27.25],[88.012,27.216],[88.012,27.178],[88.019,27.171],[88.011,27.166],[88.007,27.143],[87.991,27.131],[87.992,27.105],[87.962,27.101],[87.952,27.106],[87.944,27.1],[87.928,27.103],[87.896,27.093],[87.862,27.063],[87.852,27.063],[87.841,27.048],[87.778,27.013],[87.739,27.02],[87.733,27.006],[87.69,26.975],[87.677,26.952],[87.706,26.929],[87.694,26.923],[87.698,26.912],[87.688,26.881],[87.637,26.861],[87.584,26.86],[87.56,26.885],[87.544,26.889],[87.522,26.885],[87.532,26.902],[87.521,26.935],[87.526,26.958],[87.503,26.972],[87.493,26.985],[87.511,26.991],[87.536,27.014],[87.542,27.024],[87.539,27.034],[87.533,27.035],[87.537,27.045],[87.57,27.07],[87.589,27.1],[87.634,27.119],[87.645,27.133],[87.663,27.133],[87.676,27.142],[87.706,27.151],[87.718,27.188],[87.745,27.199],[87.752,27.208],[87.746,27.224],[87.681,27.267],[87.689,27.289],[87.698,27.291],[87.724,27.286],[87.732,27.279],[87.755,27.281],[87.781,27.273],[87.84,27.286],[87.87,27.279],[87.894,27.286],[87.95,27.283],[87.991,27.324],[88.004,27.329],[88.037,27.414],[88.068,27.438]]]}},{"type":"Feature","properties":{"name":"Parbat","province":"4"},"geometry":{"type":"Polygon","coordinates":[[[83.7,28.4],[83.705,28.388],[83.723,28.375],[83.719,28.368],[83.728,28.356],[83.726,28.349],[83.774,28.309],[83.762,28.293],[83.775,28.285],[83.766,28.274],[83.801,28.261],[83.82,28.261],[83.823,28.251],[83.798,28.229],[83.809,28.22],[83.804,28.221],[83.799,28.209],[83.783,28.197],[83.772,28.198],[83.756,28.19],[83.766,28.171],[83.759,28.146],[83.731,28.148],[83.709,28.13],[83.705,28.119],[83.73,28.101],[83.717,28.09],[83.704,28.09],[83.711,28.083],[83.713,28.064],[83.702,28.053],[83.694,28.052],[83.689,28.038],[83.698,28.033],[83.695,28.028],[83.656,28.012],[83.635,28.018],[83.627,28.005],[83.607,28.01],[83.578,28.034],[83.562,28.035],[83.561,28.064],[83.581,28.081],[83.589,28.081],[83.605,28.111],[83.63,28.123],[83.639,28.137],[83.634,28.151],[83.644,28.167],[83.64,28.175],[83.659,28.199],[83.671,28.204],[83.674,28.219],[83.657,28.237],[83.61,28.259],[83.601,28.309],[83.569,28.341],[83.567,28.366],[83.57,28.375],[83.597,28.392],[83.627,28.381],[83.634,28.366],[83.663,28.349],[83.68,28.371],[83.688,28.399],[83.7,28.4]]]}},{"type":"Feature","properties":{"name":"Parsa","province":"2"},"geometry":{"type":"Polygon","coordinates":[[[84.565,27.463],[84.576,27.454],[84.628,27.451],[84.643,27.443],[84.648,27.429],[84.719,27.431],[84.726,27.445],[84.755,27.436],[84.791,27.438],[84.809,27.425],[84.81,27.416],[84.834,27.418],[84.852,27.399],[84.872,27.399],[84.882,27.388],[84.897,27.386],[84.901,27.375],[84.908,27.377],[84.926,27.364],[84.941,27.366],[84.945,27.36],[84.954,27.367],[84.957,27.359],[84.964,27.364],[84.969,27.356],[84.964,27.336],[84.968,27.313],[84.958,27.3],[84.973,27.264],[84.96,27.197],[84.945,27.164],[84.951,27.161],[84.947,27.141],[84.955,27.135],[84.955,27.127],[84.942,27.111],[84.94,27.093],[84.924,27.084],[84.936,27.071],[84.918,27.073],[84.9,27.046],[84.899,27.033],[84.917,27.034],[84.911,27.018],[84.88,26.989],[84.856,26.987],[84.858,26.998],[84.85,26.998],[84.855,27.008],[84.826,27.021],[84.812,27.021],[84.808,27.008],[84.8,27.001],[84.797,27.004],[84.794,26.996],[84.786,26.999],[84.789,27.009],[84.773,27.018],[84.757,27.003],[84.643,27.047],[84.646,27.076],[84.67,27.091],[84.665,27.095],[84.675,27.097],[84.675,27.109],[84.67,27.11],[84.677,27.115],[84.68,27.152],[84.687,27.159],[84.677,27.163],[84.681,27.169],[84.675,27.171],[84.685,27.181],[84.679,27.186],[84.681,27.201],[84.691,27.215],[84.69,27.224],[84.622,27.336],[84.504,27.355],[84.484,27.364],[84.504,27.381],[84.54,27.386],[84.535,27.402],[84.546,27.408],[84.532,27.414],[84.548,27.418],[84.558,27.46],[84.565,27.463]]]}},{"type":"Feature","properties":{"name":"Pyuthan","province":"5"},"geometry":{"type":"Polygon","coordinates":[[[82.941,28.362],[82.98,28.359],[82.994,28.351],[83.004,28.333],[83.062,28.318],[83.069,28.302],[83.097,28.276],[83.094,28.258],[83.078,28.234],[83.052,28.244],[83.03,28.241],[83.022,28.235],[83.027,28.236],[83.028,28.22],[83.037,28.203],[83.029,28.175],[83.042,28.169],[83.037,28.158],[83.057,28.145],[83.05,28.141],[83.059,28.127],[83.05,28.106],[83.028,28.099],[83.002,28.114],[83.002,28.096],[82.962,28.046],[82.975,28.031],[82.976,28.02],[82.973,28.006],[82.953,27.994],[82.964,27.988],[82.974,27.992],[82.976,27.984],[82.989,27.977],[83.0,27.978],[83.017,27.957],[83.015,27.924],[83.01,27.92],[83.004,27.932],[82.988,27.925],[82.984,27.93],[82.969,27.926],[82.943,27.931],[82.929,27.923],[82.917,27.904],[82.895,27.914],[82.877,27.901],[82.867,27.91],[82.848,27.901],[82.825,27.906],[82.805,27.878],[82.792,27.881],[82.791,27.891],[82.779,27.898],[82.774,27.894],[82.769,27.921],[82.776,27.926],[82.764,27.941],[82.751,27.944],[82.766,27.963],[82.76,27.969],[82.763,27.977],[82.747,27.975],[82.741,27.99],[82.696,28.015],[82.697,28.03],[82.719,28.047],[82.705,28.053],[82.685,28.051],[82.625,28.07],[82.611,28.092],[82.6,28.094],[82.607,28.119],[82.604,28.131],[82.588,28.14],[82.59,28.147],[82.607,28.152],[82.614,28.17],[82.625,28.179],[82.658,28.191],[82.682,28.193],[82.684,28.186],[82.696,28.212],[82.733,28.207],[82.758,28.18],[82.787,28.178],[82.793,28.189],[82.814,28.188],[82.825,28.2],[82.817,28.215],[82.852,28.235],[82.849,28.256],[82.884,28.271],[82.888,28.293],[82.92,28.321],[82.927,28.349],[82.941,28.362]]]}},{"type":"Feature","properties":{"name":"Ramechhap","province":"3"},"geometry":{"type":"Polygon","coordinates":[[[86.458,27.823],[86.47,27.826],[86.487,27.809],[86.499,27.814],[86.525,27.806],[86.546,27.811],[86.567,27.804],[86.564,27.77],[86.573,27.755],[86.563,27.749],[86.551,27.711],[86.54,27.702],[86.538,27.671],[86.527,27.66],[86.526,27.65],[86.507,27.641],[86.492,27.614],[86.47,27.617],[86.435,27.61],[86.413,27.587],[86.377,27.568],[86.355,27.525],[86.338,27.52],[86.292,27.47],[86.263,27.456],[86.248,27.421],[86.228,27.398],[86.217,27.353],[86.219,27.323],[86.229,27.32],[86.241,27.289],[86.214,27.269],[86.205,27.25],[86.191,27.255],[86.158,27.253],[86.151,27.242],[86.113,27.273],[86.096,27.268],[86.078,27.275],[86.074,27.292],[86.055,27.288],[86.031,27.309],[86.021,27.309],[86.019,27.32],[85.998,27.337],[85.983,27.336],[85.977,27.371],[85.966,27.385],[85.956,27.389],[85.945,27.38],[85.918,27.409],[85.852,27.425],[85.83,27.438],[85.829,27.448],[85.809,27.455],[85.814,27.474],[85.798,27.5],[85.819,27.518],[85.816,27.524],[85.829,27.547],[85.823,27.566],[85.827,27.576],[85.847,27.579],[85.847,27.585],[85.881,27.615],[85.952,27.589],[85.998,27.546],[86.001,27.541],[85.987,27.51],[85.995,27.504],[86.045,27.498],[86.06,27.502],[86.062,27.497],[86.065,27.502],[86.078,27.497],[86.094,27.5],[86.116,27.474],[86.142,27.496],[86.142,27.51],[86.151,27.516],[86.158,27.541],[86.184,27.559],[86.192,27.572],[86.203,27.58],[86.289,27.603],[86.303,27.616],[86.312,27.646],[86.33,27.661],[86.339,27.683],[86.352,27.694],[86.376,27.692],[86.409,27.719],[86.421,27.716],[86.427,27.737],[86.411,27.747],[86.41,27.761],[86.422,27.786],[86.411,27.791],[86.417,27.794],[86.42,27.814],[86.43,27.815],[86.439,27.828],[86.45,27.833],[86.458,27.823]]]}},{"type":"Feature","properties":{"name":"Rasuwa","province":"3"},"geometry":{"type":"Polygon","coordinates":[[[85.712,28.386],[85.724,28.373],[85.72,28.359],[85.732,28.339],[85.728,28.329],[85.737,28.319],[85.733,28.291],[85.749,28.238],[85.774,28.218],[85.776,28.209],[85.8,28.196],[85.779,28.174],[85.728,28.17],[85.719,28.174],[85.712,28.162],[85.652,28.152],[85.627,28.129],[85.615,28.134],[85.613,28.15],[85.602,28.158],[85.584,28.153],[85.556,28.168],[85.533,28.167],[85.527,28.157],[85.503,28.152],[85.49,28.139],[85.495,28.122],[85.489,28.106],[85.473,28.105],[85.446,28.09],[85.428,28.076],[85.426,28.062],[85.412,28.062],[85.405,28.055],[85.403,28.039],[85.359,28.013],[85.342,28.01],[85.33,27.989],[85.29,27.983],[85.276,27.965],[85.255,27.975],[85.184,27.973],[85.18,27.988],[85.187,28.019],[85.144,28.028],[85.133,28.038],[85.171,28.082],[85.156,28.088],[85.129,28.086],[85.122,28.091],[85.124,28.106],[85.15,28.118],[85.158,28.13],[85.155,28.141],[85.174,28.162],[85.195,28.168],[85.204,28.203],[85.188,28.223],[85.201,28.254],[85.187,28.268],[85.179,28.302],[85.16,28.332],[85.182,28.324],[85.202,28.341],[85.241,28.318],[85.255,28.294],[85.27,28.297],[85.273,28.288],[85.304,28.29],[85.34,28.304],[85.348,28.302],[85.348,28.289],[85.37,28.286],[85.378,28.279],[85.412,28.308],[85.415,28.327],[85.458,28.337],[85.507,28.334],[85.562,28.31],[85.601,28.304],[85.599,28.279],[85.609,28.257],[85.635,28.274],[85.661,28.303],[85.654,28.317],[85.664,28.332],[85.666,28.348],[85.686,28.347],[85.684,28.382],[85.712,28.386]]]}},{"type":"Feature","properties":{"name":"Rautahat","province":"2"},"geometry":{"type":"Polygon","coordinates":[[[85.298,27.231],[85.339,27.22],[85.349,27.222],[85.36,27.211],[85.393,27.21],[85.399,27.197],[85.448,27.187],[85.457,27.166],[85.48,27.163],[85.501,27.176],[85.504,27.165],[85.492,27.161],[85.488,27.139],[85.474,27.129],[85.469,27.115],[85.434,27.089],[85.434,27.067],[85.388,27.014],[85.389,27.001],[85.402,26.979],[85.396,26.97],[85.399,26.941],[85.386,26.919],[85.396,26.892],[85.39,26.881],[85.379,26.881],[85.342,26.859],[85.353,26.841],[85.336,26.834],[85.322,26.804],[85.341,26.787],[85.33,26.777],[85.346,26.775],[85.351,26.762],[85.333,26.76],[85.326,26.745],[85.24,26.762],[85.206,26.762],[85.192,26.782],[85.193,26.791],[85.18,26.796],[85.177,26.81],[85.191,26.831],[85.193,26.867],[85.169,26.874],[85.166,26.879],[85.173,26.879],[85.168,26.89],[85.163,26.889],[85.176,26.894],[85.171,26.9],[85.177,26.907],[85.17,26.92],[85.179,26.929],[85.164,26.938],[85.176,26.947],[85.168,26.955],[85.172,26.977],[85.164,26.981],[85.178,27.003],[85.187,27.008],[85.183,27.019],[85.198,27.028],[85.177,27.038],[85.201,27.04],[85.195,27.043],[85.196,27.051],[85.183,27.05],[85.192,27.065],[85.2,27.066],[85.194,27.077],[85.202,27.084],[85.197,27.107],[85.231,27.134],[85.232,27.145],[85.246,27.159],[85.251,27.19],[85.265,27.213],[85.263,27.222],[85.272,27.229],[85.298,27.231]]]}},{"type":"Feature","properties":{"name":"Rolpa","province":"5"},"geometry":{"type":"Polygon","coordinates":[[[82.535,28.554],[82.545,28.526],[82.598,28.507],[82.614,28.511],[82.641,28.495],[82.658,28.493],[82.682,28.517],[82.686,28.515],[82.682,28.52],[82.687,28.524],[82.695,28.52],[82.69,28.512],[82.703,28.509],[82.719,28.522],[82.737,28.527],[82.743,28.525],[82.742,28.513],[82.753,28.505],[82.791,28.501],[82.833,28.478],[82.879,28.476],[82.886,28.452],[82.914,28.434],[82.916,28.403],[82.944,28.398],[82.957,28.365],[82.955,28.36],[82.941,28.362],[82.927,28.349],[82.92,28.321],[82.888,28.293],[82.884,28.271],[82.849,28.256],[82.852,28.236],[82.817,28.215],[82.825,28.2],[82.815,28.188],[82.793,28.189],[82.787,28.178],[82.758,28.18],[82.733,28.207],[82.696,28.212],[82.684,28.186],[82.682,28.193],[82.658,28.191],[82.625,28.179],[82.614,28.17],[82.607,28.152],[82.59,28.147],[82.588,28.14],[82.604,28.131],[82.607,28.119],[82.607,28.103],[82.598,28.093],[82.595,28.101],[82.567,28.116],[82.558,28.136],[82.539,28.132],[82.516,28.139],[82.519,28.147],[82.504,28.15],[82.496,28.135],[82.485,28.131],[82.479,28.144],[82.472,28.14],[82.437,28.149],[82.397,28.169],[82.407,28.221],[82.428,28.23],[82.427,28.239],[82.437,28.247],[82.404,28.262],[82.395,28.283],[82.376,28.305],[82.376,28.315],[82.364,28.32],[82.367,28.33],[82.363,28.341],[82.379,28.352],[82.376,28.359],[82.384,28.373],[82.364,28.388],[82.366,28.403],[82.353,28.41],[82.35,28.422],[82.377,28.43],[82.374,28.448],[82.396,28.46],[82.406,28.478],[82.412,28.493],[82.408,28.504],[82.418,28.529],[82.462,28.521],[82.491,28.538],[82.494,28.554],[82.509,28.551],[82.528,28.558],[82.535,28.554]]]}},{"type":"Feature","properties":{"name":"Rukum East","province":"5"},"geometry":{"type":"Polygon","coordinates":[[[82.671,28.852],[82.696,28.865],[82.712,28.852],[82.742,28.846],[82.766,28.809],[82.782,28.824],[82.799,28.821],[82.817,28.831],[82.844,28.827],[82.868,28.834],[82.897,28.825],[82.905,28.832],[82.947,28.829],[82.966,28.82],[82.981,28.801],[82.997,28.804],[83.022,28.791],[83.036,28.793],[83.068,28.78],[83.079,28.786],[83.114,28.744],[83.145,28.747],[83.143,28.734],[83.153,28.701],[83.142,28.69],[83.146,28.682],[83.135,28.674],[83.12,28.675],[83.124,28.659],[83.115,28.631],[83.096,28.635],[83.058,28.62],[83.043,28.63],[83.019,28.622],[82.983,28.631],[82.975,28.627],[82.956,28.611],[82.953,28.598],[82.962,28.582],[82.985,28.571],[82.977,28.546],[82.974,28.542],[82.921,28.567],[82.914,28.556],[82.914,28.528],[82.895,28.515],[82.877,28.515],[82.912,28.481],[82.907,28.476],[82.833,28.478],[82.791,28.501],[82.753,28.505],[82.742,28.513],[82.743,28.525],[82.737,28.527],[82.719,28.522],[82.703,28.509],[82.69,28.512],[82.695,28.52],[82.687,28.524],[82.682,28.52],[82.686,28.515],[82.682,28.517],[82.657,28.493],[82.641,28.495],[82.614,28.511],[82.598,28.507],[82.588,28.514],[82.577,28.514],[82.545,28.526],[82.529,28.558],[82.535,28.571],[82.553,28.582],[82.575,28.58],[82.581,28.587],[82.58,28.613],[82.56,28.61],[82.546,28.618],[82.551,28.625],[82.548,28.627],[82.54,28.621],[82.508,28.628],[82.486,28.641],[82.49,28.659],[82.501,28.668],[82.555,28.644],[82.579,28.665],[82.6,28.67],[82.601,28.685],[82.616,28.69],[82.615,28.71],[82.605,28.716],[82.601,28.743],[82.566,28.744],[82.562,28.768],[82.62,28.809],[82.614,28.827],[82.643,28.866],[82.656,28.867],[82.671,28.852]]]}},{"type":"Feature","properties":{"name":"Rukum West","province":"6"},"geometry":{"type":"Polygon","coordinates":[[[82.575,28.992],[82.641,28.963],[82.666,28.963],[82.671,28.945],[82.7,28.902],[82.691,28.888],[82.7,28.883],[82.696,28.865],[82.672,28.852],[82.656,28.867],[82.643,28.866],[82.614,28.827],[82.62,28.809],[82.562,28.768],[82.566,28.744],[82.601,28.743],[82.605,28.716],[82.615,28.71],[82.616,28.69],[82.601,28.685],[82.6,28.67],[82.579,28.665],[82.555,28.644],[82.501,28.668],[82.49,28.659],[82.486,28.641],[82.508,28.628],[82.54,28.621],[82.548,28.627],[82.551,28.625],[82.546,28.618],[82.56,28.61],[82.58,28.613],[82.581,28.587],[82.575,28.58],[82.554,28.582],[82.522,28.554],[82.492,28.553],[82.493,28.54],[82.463,28.521],[82.429,28.525],[82.402,28.536],[82.393,28.527],[82.381,28.533],[82.375,28.566],[82.34,28.589],[82.3,28.598],[82.273,28.593],[82.237,28.61],[82.221,28.607],[82.202,28.622],[82.185,28.623],[82.198,28.664],[82.197,28.683],[82.209,28.676],[82.217,28.687],[82.229,28.688],[82.233,28.702],[82.247,28.712],[82.273,28.693],[82.28,28.694],[82.276,28.706],[82.285,28.715],[82.289,28.727],[82.283,28.732],[82.29,28.738],[82.284,28.749],[82.29,28.757],[82.283,28.762],[82.294,28.785],[82.336,28.784],[82.358,28.792],[82.376,28.822],[82.4,28.842],[82.431,28.851],[82.456,28.873],[82.471,28.868],[82.497,28.879],[82.507,28.895],[82.504,28.921],[82.516,28.931],[82.513,28.95],[82.552,28.988],[82.575,28.992]]]}},{"type":"Feature","properties":{"name":"Rupandehi","province":"5"},"geometry":{"type":"Polygon","coordinates":[[[83.314,27.763],[83.335,27.765],[83.346,27.75],[83.358,27.752],[83.371,27.735],[83.389,27.749],[83.406,27.735],[83.416,27.742],[83.432,27.739],[83.444,27.724],[83.455,27.728],[83.476,27.722],[83.487,27.731],[83.493,27.726],[83.514,27.729],[83.578,27.705],[83.603,27.705],[83.621,27.688],[83.631,27.694],[83.634,27.688],[83.63,27.665],[83.603,27.648],[83.598,27.631],[83.581,27.617],[83.575,27.618],[83.572,27.61],[83.583,27.589],[83.581,27.575],[83.596,27.573],[83.59,27.551],[83.596,27.547],[83.587,27.532],[83.594,27.528],[83.591,27.521],[83.598,27.519],[83.593,27.502],[83.611,27.49],[83.615,27.47],[83.389,27.48],[83.389,27.471],[83.403,27.466],[83.402,27.458],[83.396,27.447],[83.384,27.442],[83.384,27.436],[83.41,27.413],[83.385,27.39],[83.388,27.376],[83.375,27.37],[83.374,27.357],[83.358,27.351],[83.359,27.343],[83.338,27.333],[83.318,27.337],[83.318,27.33],[83.292,27.335],[83.266,27.366],[83.272,27.384],[83.217,27.418],[83.231,27.431],[83.217,27.445],[83.227,27.469],[83.219,27.48],[83.221,27.492],[83.228,27.496],[83.233,27.514],[83.216,27.55],[83.204,27.56],[83.232,27.609],[83.221,27.646],[83.229,27.695],[83.215,27.727],[83.212,27.759],[83.226,27.763],[83.238,27.75],[83.246,27.751],[83.256,27.767],[83.265,27.756],[83.286,27.757],[83.303,27.768],[83.314,27.763]]]}},{"type":"Feature","properties":{"name":"Salyan","province":"6"},"geometry":{"type":"Polygon","coordinates":[[[82.054,28.637],[82.082,28.618],[82.138,28.627],[82.145,28.625],[82.143,28.616],[82.167,28.611],[82.194,28.623],[82.221,28.607],[82.237,28.61],[82.273,28.593],[82.3,28.598],[82.34,28.59],[82.375,28.566],[82.384,28.53],[82.393,28.527],[82.402,28.536],[82.417,28.53],[82.417,28.518],[82.408,28.504],[82.412,28.493],[82.396,28.462],[82.374,28.448],[82.376,28.43],[82.35,28.422],[82.353,28.41],[82.366,28.403],[82.364,28.388],[82.384,28.373],[82.376,28.359],[82.379,28.352],[82.363,28.341],[82.367,28.33],[82.364,28.32],[82.376,28.315],[82.376,28.305],[82.395,28.283],[82.404,28.262],[82.437,28.247],[82.427,28.239],[82.428,28.23],[82.407,28.221],[82.398,28.17],[82.393,28.189],[82.378,28.185],[82.367,28.19],[82.338,28.224],[82.312,28.223],[82.31,28.232],[82.302,28.233],[82.3,28.246],[82.275,28.249],[82.244,28.238],[82.218,28.25],[82.199,28.243],[82.169,28.252],[82.161,28.242],[82.144,28.237],[82.133,28.252],[82.101,28.259],[82.069,28.237],[82.054,28.242],[82.042,28.23],[82.023,28.201],[82.029,28.188],[82.018,28.182],[82.008,28.151],[81.978,28.183],[81.965,28.185],[81.963,28.194],[81.952,28.194],[81.927,28.209],[81.922,28.227],[81.897,28.233],[81.883,28.244],[81.861,28.239],[81.865,28.25],[81.844,28.272],[81.808,28.283],[81.794,28.274],[81.787,28.295],[81.745,28.313],[81.768,28.384],[81.779,28.391],[81.797,28.392],[81.82,28.381],[81.838,28.381],[81.931,28.338],[81.969,28.352],[81.981,28.363],[81.977,28.386],[81.99,28.395],[81.974,28.405],[81.962,28.425],[81.966,28.445],[81.962,28.45],[81.986,28.447],[81.983,28.454],[81.99,28.462],[82.01,28.468],[82.009,28.479],[82.025,28.499],[82.021,28.513],[82.028,28.517],[82.018,28.528],[82.017,28.544],[81.994,28.57],[82.003,28.578],[82.001,28.587],[82.012,28.596],[82.004,28.613],[82.026,28.614],[82.022,28.627],[82.029,28.641],[82.044,28.637],[82.056,28.645],[82.054,28.637]]]}},{"type":"Feature","properties":{"name":"Sankhuwasabha","province":"1"},"geometry":{"type":"Polygon","coordinates":[[[86.992,27.955],[87.039,27.95],[87.053,27.927],[87.078,27.916],[87.078,27.903],[87.088,27.883],[87.107,27.875],[87.108,27.854],[87.116,27.84],[87.126,27.834],[87.14,27.837],[87.168,27.822],[87.226,27.82],[87.239,27.84],[87.26,27.851],[87.304,27.843],[87.304,27.836],[87.318,27.826],[87.355,27.827],[87.374,27.845],[87.403,27.852],[87.419,27.863],[87.432,27.842],[87.404,27.834],[87.45,27.822],[87.49,27.847],[87.536,27.843],[87.552,27.865],[87.561,27.867],[87.579,27.862],[87.586,27.853],[87.589,27.82],[87.602,27.821],[87.611,27.811],[87.632,27.825],[87.636,27.834],[87.67,27.835],[87.663,27.823],[87.665,27.81],[87.677,27.79],[87.672,27.773],[87.657,27.762],[87.664,27.75],[87.641,27.731],[87.639,27.71],[87.622,27.712],[87.613,27.7],[87.616,27.689],[87.605,27.674],[87.591,27.681],[87.58,27.676],[87.575,27.693],[87.561,27.698],[87.549,27.681],[87.545,27.66],[87.532,27.652],[87.54,27.651],[87.545,27.638],[87.535,27.632],[87.529,27.595],[87.513,27.599],[87.482,27.567],[87.487,27.547],[87.475,27.527],[87.476,27.512],[87.468,27.507],[87.471,27.487],[87.459,27.474],[87.461,27.447],[87.444,27.406],[87.457,27.387],[87.459,27.372],[87.493,27.333],[87.497,27.314],[87.514,27.306],[87.517,27.297],[87.48,27.25],[87.467,27.218],[87.47,27.198],[87.452,27.18],[87.42,27.176],[87.406,27.156],[87.407,27.136],[87.374,27.167],[87.376,27.18],[87.365,27.188],[87.329,27.188],[87.312,27.182],[87.285,27.19],[87.261,27.177],[87.247,27.192],[87.237,27.217],[87.202,27.247],[87.204,27.26],[87.197,27.265],[87.21,27.268],[87.201,27.302],[87.182,27.316],[87.191,27.327],[87.185,27.337],[87.192,27.352],[87.169,27.376],[87.125,27.402],[87.13,27.409],[87.124,27.427],[87.14,27.447],[87.138,27.453],[87.109,27.464],[87.094,27.456],[87.073,27.46],[87.057,27.441],[87.042,27.448],[87.01,27.436],[86.94,27.459],[86.948,27.475],[86.963,27.484],[86.943,27.509],[86.948,27.528],[86.967,27.542],[86.966,27.562],[86.953,27.572],[86.954,27.605],[86.968,27.633],[86.984,27.646],[86.987,27.687],[87.005,27.712],[87.008,27.726],[86.979,27.75],[86.979,27.775],[86.986,27.781],[86.983,27.791],[86.994,27.795],[87.01,27.815],[86.998,27.824],[86.977,27.826],[86.991,27.846],[86.974,27.877],[86.968,27.907],[86.981,27.92],[86.983,27.95],[86.992,27.955]]]}},{"type":"Feature","properties":{"name":"Saptari","province":"2"},"geometry":{"type":"Polygon","coordinates":[[[86.564,26.79],[86.567,26.781],[86.578,26.784],[86.577,26.776],[86.553,26.746],[86.574,26.74],[86.572,26.722],[86.583,26.712],[86.586,26.696],[86.602,26.7],[86.611,26.689],[86.616,26.695],[86.627,26.69],[86.634,26.699],[86.657,26.692],[86.665,26.704],[86.67,26.694],[86.685,26.688],[86.706,26.707],[86.737,26.712],[86.753,26.695],[86.753,26.686],[86.76,26.695],[86.8,26.713],[86.814,26.708],[86.824,26.714],[86.838,26.71],[86.84,26.692],[86.848,26.691],[86.866,26.701],[86.871,26.713],[86.885,26.712],[86.911,26.74],[86.909,26.759],[86.922,26.766],[86.933,26.741],[86.949,26.732],[86.967,26.736],[86.991,26.698],[87.001,26.71],[87.01,26.711],[87.013,26.671],[86.991,26.65],[86.986,26.629],[86.979,26.625],[86.989,26.606],[86.983,26.586],[86.992,26.572],[86.964,26.545],[86.926,26.527],[86.916,26.501],[86.904,26.488],[86.892,26.486],[86.894,26.462],[86.873,26.454],[86.861,26.458],[86.843,26.44],[86.766,26.459],[86.744,26.435],[86.747,26.429],[86.73,26.423],[86.72,26.435],[86.7,26.437],[86.693,26.451],[86.628,26.467],[86.629,26.478],[86.621,26.484],[86.564,26.501],[86.542,26.539],[86.499,26.542],[86.486,26.55],[86.496,26.561],[86.494,26.579],[86.513,26.602],[86.512,26.623],[86.498,26.658],[86.51,26.698],[86.503,26.724],[86.511,26.737],[86.529,26.745],[86.52,26.761],[86.525,26.785],[86.538,26.788],[86.537,26.784],[86.548,26.782],[86.564,26.79]]]}},{"type":"Feature","properties":{"name":"Sarlahi","province":"2"},"geometry":{"type":"Polygon","coordinates":[[[85.724,27.195],[85.769,27.182],[85.816,27.161],[85.793,27.137],[85.798,27.123],[85.791,27.118],[85.798,27.114],[85.792,27.106],[85.801,27.105],[85.794,27.1],[85.798,27.095],[85.787,27.093],[85.781,27.072],[85.748,27.035],[85.731,26.964],[85.711,26.932],[85.713,26.925],[85.707,26.924],[85.712,26.921],[85.706,26.92],[85.711,26.912],[85.705,26.906],[85.71,26.904],[85.688,26.882],[85.689,26.872],[85.676,26.864],[85.68,26.844],[85.642,26.853],[85.634,26.872],[85.623,26.874],[85.607,26.857],[85.585,26.847],[85.584,26.858],[85.575,26.861],[85.566,26.841],[85.558,26.844],[85.553,26.834],[85.543,26.838],[85.52,26.814],[85.498,26.812],[85.496,26.797],[85.48,26.802],[85.477,26.792],[85.452,26.781],[85.433,26.79],[85.425,26.786],[85.408,26.791],[85.375,26.761],[85.362,26.763],[85.335,26.742],[85.326,26.745],[85.333,26.76],[85.351,26.762],[85.346,26.775],[85.33,26.777],[85.341,26.787],[85.322,26.804],[85.336,26.834],[85.353,26.841],[85.342,26.859],[85.379,26.881],[85.39,26.881],[85.396,26.892],[85.386,26.919],[85.399,26.941],[85.396,26.97],[85.401,26.984],[85.386,27.009],[85.402,27.034],[85.411,27.037],[85.415,27.05],[85.424,27.053],[85.424,27.062],[85.434,27.067],[85.434,27.089],[85.464,27.11],[85.474,27.129],[85.488,27.139],[85.49,27.155],[85.501,27.144],[85.521,27.141],[85.531,27.141],[85.537,27.149],[85.547,27.141],[85.554,27.147],[85.569,27.144],[85.571,27.137],[85.581,27.144],[85.63,27.137],[85.682,27.169],[85.698,27.186],[85.717,27.188],[85.724,27.195]]]}},{"type":"Feature","properties":{"name":"Sindhuli","province":"3"},"geometry":{"type":"Polygon","coordinates":[[[85.824,27.449],[85.83,27.438],[85.852,27.425],[85.918,27.409],[85.945,27.38],[85.956,27.389],[85.966,27.385],[85.977,27.371],[85.984,27.336],[85.998,27.337],[86.019,27.32],[86.021,27.309],[86.031,27.309],[86.055,27.288],[86.074,27.292],[86.076,27.277],[86.091,27.269],[86.112,27.273],[86.128,27.265],[86.148,27.243],[86.157,27.253],[86.191,27.255],[86.23,27.237],[86.266,27.261],[86.267,27.254],[86.295,27.238],[86.341,27.229],[86.344,27.203],[86.379,27.193],[86.39,27.18],[86.368,27.141],[86.343,27.147],[86.326,27.111],[86.306,27.109],[86.323,27.099],[86.341,27.107],[86.363,27.1],[86.355,27.075],[86.346,27.066],[86.363,27.054],[86.367,27.038],[86.383,27.031],[86.374,27.023],[86.366,26.982],[86.354,26.965],[86.315,26.963],[86.283,26.949],[86.278,26.935],[86.26,26.919],[86.255,26.932],[86.187,26.977],[86.188,26.982],[86.106,27.015],[86.012,27.019],[85.992,27.025],[85.971,27.051],[85.962,27.08],[85.944,27.092],[85.936,27.11],[85.938,27.122],[85.883,27.146],[85.862,27.127],[85.836,27.147],[85.844,27.16],[85.832,27.167],[85.809,27.162],[85.769,27.182],[85.725,27.195],[85.717,27.188],[85.695,27.184],[85.682,27.169],[85.63,27.137],[85.581,27.144],[85.571,27.137],[85.569,27.144],[85.554,27.147],[85.547,27.141],[85.537,27.149],[85.528,27.14],[85.496,27.147],[85.49,27.155],[85.495,27.163],[85.504,27.163],[85.503,27.173],[85.49,27.172],[85.48,27.181],[85.492,27.187],[85.489,27.199],[85.51,27.198],[85.501,27.208],[85.504,27.222],[85.488,27.221],[85.489,27.25],[85.48,27.269],[85.432,27.289],[85.432,27.301],[85.424,27.304],[85.418,27.321],[85.425,27.332],[85.446,27.337],[85.448,27.351],[85.465,27.357],[85.473,27.37],[85.487,27.376],[85.51,27.366],[85.504,27.357],[85.514,27.351],[85.533,27.357],[85.559,27.339],[85.565,27.345],[85.571,27.341],[85.623,27.345],[85.635,27.354],[85.651,27.334],[85.679,27.345],[85.689,27.337],[85.704,27.346],[85.696,27.373],[85.714,27.406],[85.727,27.412],[85.773,27.398],[85.791,27.443],[85.803,27.439],[85.824,27.449]]]}},{"type":"Feature","properties":{"name":"Sindhupalchok","province":"3"},"geometry":{"type":"Polygon","coordinates":[[[85.813,28.203],[85.829,28.185],[85.849,28.184],[85.851,28.167],[85.872,28.144],[85.87,28.124],[85.898,28.109],[85.903,28.089],[85.896,28.074],[85.901,28.054],[85.915,28.049],[85.936,28.024],[85.977,27.997],[85.978,27.988],[85.96,27.968],[85.949,27.941],[86.001,27.911],[86.014,27.915],[86.023,27.908],[86.065,27.899],[86.048,27.886],[86.042,27.868],[86.03,27.863],[86.025,27.846],[86.003,27.83],[86.023,27.801],[86.026,27.785],[86.02,27.772],[86.034,27.757],[86.03,27.742],[86.005,27.745],[85.977,27.735],[85.961,27.742],[85.952,27.722],[85.936,27.709],[85.939,27.669],[85.918,27.664],[85.911,27.637],[85.891,27.624],[85.884,27.61],[85.867,27.629],[85.857,27.633],[85.842,27.626],[85.817,27.644],[85.822,27.656],[85.813,27.669],[85.792,27.665],[85.735,27.677],[85.725,27.662],[85.721,27.666],[85.705,27.656],[85.708,27.654],[85.708,27.648],[85.706,27.642],[85.706,27.642],[85.706,27.652],[85.694,27.664],[85.687,27.685],[85.681,27.686],[85.68,27.7],[85.655,27.72],[85.644,27.718],[85.616,27.732],[85.604,27.749],[85.596,27.744],[85.554,27.749],[85.55,27.757],[85.564,27.755],[85.566,27.765],[85.533,27.792],[85.473,27.778],[85.468,27.797],[85.449,27.818],[85.451,27.85],[85.47,27.869],[85.468,27.882],[85.475,27.885],[85.488,27.92],[85.478,27.959],[85.484,27.97],[85.492,27.972],[85.487,27.993],[85.494,28.003],[85.497,28.029],[85.478,28.056],[85.442,28.083],[85.445,28.09],[85.473,28.105],[85.489,28.106],[85.495,28.122],[85.49,28.139],[85.503,28.152],[85.527,28.157],[85.533,28.167],[85.555,28.168],[85.584,28.153],[85.602,28.158],[85.613,28.15],[85.615,28.134],[85.631,28.13],[85.653,28.152],[85.712,28.162],[85.719,28.174],[85.728,28.17],[85.779,28.174],[85.8,28.196],[85.813,28.203]]]}},{"type":"Feature","properties":{"name":"Siraha","province":"2"},"geometry":{"type":"Polygon","coordinates":[[[86.161,26.914],[86.169,26.914],[86.187,26.895],[86.227,26.881],[86.247,26.864],[86.271,26.883],[86.288,26.887],[86.366,26.873],[86.383,26.909],[86.404,26.91],[86.452,26.889],[86.48,26.889],[86.48,26.871],[86.488,26.869],[86.496,26.857],[86.505,26.856],[86.513,26.84],[86.518,26.843],[86.52,26.832],[86.552,26.835],[86.553,26.815],[86.523,26.78],[86.52,26.761],[86.529,26.745],[86.511,26.737],[86.503,26.723],[86.51,26.698],[86.498,26.658],[86.512,26.623],[86.513,26.602],[86.494,26.579],[86.496,26.561],[86.486,26.55],[86.455,26.568],[86.395,26.585],[86.397,26.594],[86.341,26.606],[86.345,26.617],[86.333,26.619],[86.308,26.62],[86.293,26.613],[86.252,26.617],[86.234,26.591],[86.217,26.588],[86.205,26.597],[86.196,26.594],[86.192,26.615],[86.172,26.617],[86.147,26.609],[86.155,26.626],[86.151,26.638],[86.166,26.639],[86.17,26.652],[86.197,26.667],[86.2,26.685],[86.175,26.748],[86.157,26.755],[86.145,26.787],[86.152,26.802],[86.155,26.821],[86.149,26.831],[86.155,26.845],[86.14,26.864],[86.131,26.891],[86.133,26.915],[86.156,26.935],[86.161,26.914]]]}},{"type":"Feature","properties":{"name":"Solukhumbu","province":"1"},"geometry":{"type":"Polygon","coordinates":[[[86.58,28.111],[86.604,28.1],[86.608,28.076],[86.635,28.071],[86.658,28.081],[86.664,28.098],[86.689,28.109],[86.738,28.104],[86.748,28.095],[86.751,28.081],[86.765,28.075],[86.747,28.051],[86.753,28.038],[86.773,28.038],[86.79,28.019],[86.803,28.024],[86.836,28.015],[86.852,28.028],[86.867,28.025],[86.873,28.011],[86.89,27.997],[86.925,27.988],[86.933,27.978],[86.933,27.963],[86.983,27.95],[86.981,27.92],[86.967,27.903],[86.991,27.847],[86.977,27.826],[86.998,27.824],[87.01,27.815],[86.994,27.795],[86.983,27.791],[86.986,27.781],[86.979,27.775],[86.979,27.75],[86.994,27.742],[86.995,27.732],[87.008,27.727],[87.007,27.718],[86.987,27.687],[86.984,27.646],[86.968,27.633],[86.954,27.605],[86.953,27.572],[86.966,27.562],[86.967,27.542],[86.948,27.528],[86.943,27.509],[86.963,27.484],[86.948,27.475],[86.94,27.451],[86.906,27.433],[86.871,27.428],[86.859,27.435],[86.835,27.431],[86.822,27.44],[86.804,27.415],[86.789,27.407],[86.771,27.412],[86.752,27.394],[86.684,27.393],[86.679,27.354],[86.657,27.34],[86.642,27.338],[86.571,27.341],[86.564,27.366],[86.51,27.411],[86.503,27.425],[86.473,27.421],[86.465,27.428],[86.46,27.434],[86.467,27.446],[86.455,27.455],[86.44,27.486],[86.423,27.487],[86.401,27.517],[86.375,27.516],[86.356,27.526],[86.376,27.568],[86.413,27.587],[86.435,27.61],[86.47,27.617],[86.492,27.614],[86.5,27.62],[86.507,27.641],[86.526,27.65],[86.527,27.66],[86.538,27.67],[86.54,27.702],[86.551,27.711],[86.563,27.749],[86.573,27.755],[86.564,27.77],[86.567,27.804],[86.54,27.815],[86.554,27.857],[86.554,27.909],[86.548,27.93],[86.534,27.942],[86.522,27.94],[86.512,27.967],[86.52,27.974],[86.513,27.985],[86.515,28.001],[86.521,28.02],[86.531,28.027],[86.533,28.047],[86.549,28.051],[86.565,28.069],[86.559,28.078],[86.567,28.092],[86.562,28.107],[86.58,28.111]]]}},{"type":"Feature","properties":{"name":"Sunsari","province":"1"},"geometry":{"type":"Polygon","coordinates":[[[87.233,26.878],[87.256,26.866],[87.297,26.875],[87.301,26.869],[87.308,26.872],[87.324,26.854],[87.347,26.85],[87.354,26.839],[87.346,26.815],[87.324,26.788],[87.339,26.737],[87.325,26.715],[87.319,26.716],[87.304,26.677],[87.289,26.67],[87.285,26.657],[87.301,26.63],[87.301,26.615],[87.285,26.593],[87.291,26.576],[87.284,26.559],[87.266,26.549],[87.261,26.534],[87.254,26.537],[87.255,26.529],[87.246,26.521],[87.248,26.516],[87.251,26.522],[87.254,26.519],[87.239,26.47],[87.247,26.454],[87.245,26.414],[87.229,26.414],[87.219,26.403],[87.211,26.413],[87.186,26.414],[87.189,26.406],[87.162,26.404],[87.092,26.45],[87.073,26.542],[87.072,26.586],[87.045,26.587],[87.042,26.568],[87.015,26.532],[86.975,26.52],[86.961,26.524],[86.933,26.517],[86.93,26.49],[86.904,26.488],[86.933,26.534],[86.964,26.545],[86.992,26.572],[86.983,26.586],[86.989,26.606],[86.979,26.625],[86.986,26.629],[86.991,26.65],[87.013,26.671],[87.01,26.711],[87.034,26.751],[87.043,26.756],[87.064,26.744],[87.069,26.751],[87.105,26.755],[87.142,26.816],[87.142,26.835],[87.158,26.875],[87.179,26.877],[87.216,26.863],[87.233,26.878]]]}},{"type":"Feature","properties":{"name":"Surkhet","province":"6"},"geometry":{"type":"Polygon","coordinates":[[[81.048,28.978],[81.117,28.965],[81.169,28.921],[81.195,28.916],[81.204,28.908],[81.237,28.906],[81.246,28.915],[81.266,28.903],[81.284,28.922],[81.302,28.926],[81.316,28.92],[81.324,28.908],[81.337,28.907],[81.339,28.896],[81.348,28.89],[81.374,28.893],[81.394,28.909],[81.415,28.914],[81.464,28.894],[81.463,28.853],[81.491,28.841],[81.498,28.821],[81.523,28.803],[81.515,28.78],[81.528,28.775],[81.535,28.761],[81.52,28.75],[81.547,28.749],[81.575,28.713],[81.601,28.707],[81.616,28.69],[81.63,28.692],[81.639,28.676],[81.675,28.679],[81.691,28.674],[81.702,28.661],[81.778,28.634],[81.784,28.637],[81.782,28.652],[81.792,28.655],[81.811,28.68],[81.807,28.694],[81.82,28.724],[81.845,28.71],[81.859,28.693],[81.868,28.664],[81.886,28.643],[81.948,28.636],[82.008,28.645],[82.04,28.642],[82.027,28.639],[82.022,28.627],[82.025,28.613],[82.004,28.614],[82.012,28.596],[82.001,28.587],[82.003,28.578],[81.994,28.57],[82.018,28.543],[82.018,28.528],[82.028,28.518],[82.021,28.512],[82.025,28.499],[82.009,28.479],[82.01,28.468],[81.984,28.455],[81.986,28.447],[81.962,28.449],[81.966,28.445],[81.962,28.425],[81.974,28.405],[81.99,28.395],[81.977,28.386],[81.981,28.363],[81.937,28.337],[81.843,28.374],[81.838,28.381],[81.82,28.381],[81.81,28.39],[81.779,28.391],[81.768,28.384],[81.767,28.37],[81.732,28.378],[81.703,28.393],[81.688,28.411],[81.674,28.418],[81.658,28.415],[81.557,28.495],[81.539,28.495],[81.536,28.504],[81.516,28.514],[81.512,28.525],[81.476,28.54],[81.466,28.553],[81.445,28.554],[81.434,28.563],[81.431,28.577],[81.422,28.581],[81.425,28.588],[81.401,28.607],[81.316,28.637],[81.31,28.651],[81.316,28.652],[81.321,28.668],[81.285,28.673],[81.281,28.695],[81.267,28.704],[81.272,28.727],[81.256,28.73],[81.261,28.746],[81.247,28.761],[81.248,28.78],[81.226,28.795],[81.242,28.811],[81.23,28.817],[81.232,28.832],[81.206,28.85],[81.207,28.862],[81.199,28.861],[81.195,28.833],[81.207,28.825],[81.203,28.817],[81.182,28.825],[81.174,28.835],[81.153,28.83],[81.158,28.844],[81.143,28.873],[81.129,28.865],[81.126,28.852],[81.102,28.845],[81.089,28.863],[81.073,28.865],[81.072,28.877],[81.052,28.877],[81.021,28.92],[80.981,28.939],[81.002,28.957],[81.021,28.953],[81.048,28.978]]]}},{"type":"Feature","properties":{"name":"Syangja","province":"4"},"geometry":{"type":"Polygon","coordinates":[[[83.807,28.22],[83.817,28.21],[83.838,28.212],[83.856,28.194],[83.891,28.195],[83.905,28.177],[83.924,28.169],[83.924,28.15],[83.931,28.144],[83.961,28.139],[83.98,28.143],[84.003,28.131],[83.999,28.122],[84.005,28.116],[83.993,28.109],[83.995,28.102],[83.962,28.087],[83.959,28.08],[83.969,28.075],[83.94,28.068],[83.941,28.062],[83.964,28.039],[83.981,28.038],[83.995,28.047],[83.997,28.034],[84.017,28.031],[84.032,28.02],[84.025,28.014],[84.006,28.014],[84.002,28.006],[83.979,27.998],[83.98,27.973],[83.967,27.958],[83.978,27.91],[83.974,27.903],[83.954,27.897],[83.952,27.889],[83.941,27.894],[83.937,27.885],[83.942,27.876],[83.925,27.868],[83.911,27.873],[83.91,27.88],[83.892,27.886],[83.881,27.882],[83.878,27.888],[83.861,27.882],[83.858,27.874],[83.845,27.882],[83.846,27.869],[83.821,27.878],[83.807,27.873],[83.762,27.91],[83.756,27.909],[83.757,27.903],[83.745,27.908],[83.748,27.901],[83.743,27.9],[83.719,27.92],[83.698,27.917],[83.689,27.924],[83.683,27.916],[83.676,27.928],[83.655,27.903],[83.634,27.899],[83.634,27.914],[83.621,27.918],[83.626,27.926],[83.616,27.931],[83.601,27.923],[83.593,27.931],[83.575,27.93],[83.571,27.943],[83.566,27.935],[83.548,27.928],[83.538,27.928],[83.531,27.939],[83.524,27.924],[83.509,27.941],[83.503,27.937],[83.51,27.933],[83.506,27.929],[83.49,27.929],[83.484,27.923],[83.461,27.934],[83.449,27.928],[83.44,27.933],[83.443,27.945],[83.462,27.954],[83.483,27.982],[83.522,27.964],[83.55,27.977],[83.577,27.974],[83.585,27.979],[83.584,27.988],[83.603,27.997],[83.605,28.012],[83.627,28.006],[83.635,28.018],[83.656,28.012],[83.694,28.027],[83.698,28.033],[83.689,28.038],[83.694,28.052],[83.702,28.053],[83.713,28.064],[83.711,28.083],[83.704,28.09],[83.717,28.09],[83.73,28.101],[83.705,28.119],[83.709,28.13],[83.731,28.148],[83.759,28.146],[83.766,28.171],[83.756,28.19],[83.772,28.198],[83.783,28.197],[83.807,28.22]]]}},{"type":"Feature","properties":{"name":"Tanahu","province":"4"},"geometry":{"type":"Polygon","coordinates":[[[84.4,28.127],[84.444,28.104],[84.466,28.082],[84.467,28.07],[84.478,28.058],[84.466,28.051],[84.457,28.004],[84.421,27.978],[84.421,27.958],[84.443,27.947],[84.454,27.949],[84.484,27.928],[84.507,27.923],[84.501,27.916],[84.533,27.913],[84.539,27.917],[84.538,27.909],[84.545,27.905],[84.541,27.876],[84.552,27.87],[84.547,27.863],[84.559,27.858],[84.555,27.836],[84.522,27.832],[84.517,27.816],[84.466,27.824],[84.465,27.819],[84.446,27.823],[84.433,27.813],[84.431,27.787],[84.439,27.778],[84.461,27.773],[84.471,27.752],[84.451,27.759],[84.437,27.743],[84.422,27.741],[84.418,27.759],[84.378,27.779],[84.368,27.775],[84.361,27.754],[84.344,27.751],[84.34,27.744],[84.326,27.748],[84.316,27.763],[84.314,27.785],[84.3,27.792],[84.298,27.806],[84.306,27.819],[84.291,27.838],[84.268,27.833],[84.266,27.839],[84.253,27.838],[84.24,27.847],[84.228,27.846],[84.225,27.837],[84.214,27.847],[84.21,27.839],[84.202,27.852],[84.191,27.847],[84.173,27.852],[84.156,27.84],[84.156,27.848],[84.125,27.846],[84.121,27.848],[84.129,27.853],[84.127,27.859],[84.12,27.86],[84.117,27.851],[84.109,27.862],[84.103,27.855],[84.096,27.858],[84.101,27.866],[84.08,27.87],[84.054,27.849],[84.049,27.856],[84.041,27.85],[84.04,27.857],[84.021,27.862],[84.015,27.859],[84.022,27.854],[84.019,27.851],[83.999,27.855],[83.995,27.866],[83.978,27.866],[83.972,27.873],[83.948,27.87],[83.938,27.881],[83.941,27.894],[83.952,27.889],[83.954,27.897],[83.974,27.903],[83.978,27.91],[83.967,27.958],[83.98,27.973],[83.979,27.998],[84.002,28.006],[84.006,28.014],[84.025,28.014],[84.032,28.02],[84.017,28.031],[83.997,28.034],[83.995,28.047],[83.981,28.038],[83.964,28.039],[83.941,28.062],[83.94,28.068],[83.969,28.075],[83.959,28.08],[83.961,28.086],[83.992,28.1],[83.998,28.114],[84.006,28.116],[84.015,28.11],[84.013,28.106],[84.027,28.105],[84.026,28.096],[84.033,28.1],[84.047,28.084],[84.058,28.088],[84.07,28.078],[84.079,28.092],[84.106,28.111],[84.145,28.106],[84.158,28.097],[84.179,28.101],[84.183,28.096],[84.21,28.094],[84.219,28.1],[84.226,28.097],[84.233,28.079],[84.31,28.107],[84.329,28.124],[84.4,28.127]]]}},{"type":"Feature","properties":{"name":"Taplejung","province":"1"},"geometry":{"type":"Polygon","coordinates":[[[87.834,27.952],[87.857,27.948],[87.854,27.929],[87.866,27.911],[87.932,27.918],[87.939,27.911],[87.956,27.909],[87.966,27.893],[87.985,27.886],[88.002,27.898],[88.022,27.897],[88.03,27.906],[88.064,27.886],[88.084,27.896],[88.096,27.867],[88.112,27.869],[88.126,27.882],[88.135,27.882],[88.178,27.857],[88.197,27.853],[88.201,27.838],[88.173,27.821],[88.197,27.791],[88.181,27.776],[88.179,27.747],[88.156,27.737],[88.155,27.717],[88.147,27.703],[88.155,27.691],[88.145,27.666],[88.12,27.646],[88.114,27.611],[88.082,27.585],[88.075,27.572],[88.081,27.565],[88.069,27.556],[88.059,27.535],[88.067,27.526],[88.057,27.518],[88.062,27.512],[88.044,27.496],[88.044,27.479],[88.067,27.458],[88.072,27.445],[88.034,27.409],[88.004,27.329],[87.991,27.324],[87.95,27.283],[87.894,27.286],[87.87,27.279],[87.84,27.286],[87.781,27.273],[87.755,27.281],[87.732,27.279],[87.724,27.286],[87.696,27.291],[87.688,27.288],[87.68,27.271],[87.651,27.268],[87.607,27.284],[87.557,27.285],[87.517,27.297],[87.514,27.306],[87.497,27.314],[87.493,27.333],[87.459,27.372],[87.457,27.387],[87.444,27.406],[87.461,27.447],[87.459,27.474],[87.471,27.487],[87.468,27.507],[87.476,27.512],[87.475,27.527],[87.487,27.547],[87.482,27.567],[87.513,27.599],[87.529,27.595],[87.535,27.632],[87.545,27.638],[87.54,27.651],[87.532,27.652],[87.545,27.66],[87.549,27.681],[87.561,27.698],[87.575,27.693],[87.58,27.676],[87.591,27.681],[87.608,27.675],[87.616,27.689],[87.615,27.705],[87.623,27.712],[87.639,27.71],[87.641,27.731],[87.664,27.75],[87.657,27.762],[87.672,27.773],[87.677,27.79],[87.665,27.807],[87.687,27.812],[87.724,27.805],[87.733,27.809],[87.744,27.835],[87.753,27.836],[87.766,27.86],[87.779,27.866],[87.775,27.878],[87.785,27.899],[87.804,27.909],[87.814,27.922],[87.825,27.92],[87.825,27.939],[87.834,27.952]]]}},{"type":"Feature","properties":{"name":"Terhathum","province":"1"},"geometry":{"type":"Polygon","coordinates":[[[87.517,27.297],[87.607,27.284],[87.651,27.268],[87.68,27.271],[87.746,27.224],[87.752,27.208],[87.745,27.199],[87.718,27.188],[87.706,27.151],[87.676,27.142],[87.663,27.133],[87.645,27.133],[87.634,27.119],[87.589,27.1],[87.57,27.07],[87.537,27.046],[87.533,27.035],[87.539,27.034],[87.542,27.022],[87.511,26.991],[87.486,26.984],[87.484,26.976],[87.469,26.977],[87.464,26.968],[87.45,26.974],[87.439,26.971],[87.441,27.006],[87.431,27.014],[87.427,27.046],[87.401,27.075],[87.392,27.103],[87.395,27.123],[87.407,27.136],[87.406,27.156],[87.42,27.176],[87.452,27.18],[87.47,27.198],[87.468,27.219],[87.492,27.269],[87.517,27.297]]]}},{"type":"Feature","properties":{"name":"Udayapur","province":"1"},"geometry":{"type":"Polygon","coordinates":[[[86.4,27.177],[86.402,27.171],[86.417,27.166],[86.42,27.15],[86.438,27.147],[86.426,27.133],[86.446,27.133],[86.465,27.102],[86.484,27.11],[86.492,27.105],[86.502,27.115],[86.515,27.114],[86.533,27.135],[86.581,27.152],[86.669,27.12],[86.698,27.095],[86.71,27.068],[86.72,27.062],[86.727,27.039],[86.747,27.024],[86.755,26.974],[86.764,26.958],[86.761,26.924],[86.774,26.897],[86.772,26.885],[86.78,26.888],[86.805,26.873],[86.834,26.875],[86.839,26.885],[86.862,26.895],[86.914,26.896],[86.931,26.908],[86.967,26.901],[86.978,26.907],[86.98,26.896],[87.002,26.886],[87.032,26.904],[87.039,26.901],[87.042,26.907],[87.051,26.902],[87.061,26.911],[87.093,26.91],[87.093,26.916],[87.116,26.923],[87.149,26.926],[87.167,26.903],[87.169,26.889],[87.164,26.876],[87.152,26.868],[87.142,26.816],[87.104,26.754],[87.069,26.751],[87.064,26.744],[87.039,26.755],[87.011,26.712],[87.001,26.71],[86.991,26.698],[86.967,26.736],[86.949,26.732],[86.933,26.741],[86.921,26.767],[86.909,26.759],[86.911,26.74],[86.885,26.712],[86.871,26.713],[86.866,26.701],[86.848,26.691],[86.84,26.692],[86.838,26.71],[86.824,26.714],[86.814,26.708],[86.8,26.713],[86.76,26.695],[86.753,26.686],[86.753,26.695],[86.737,26.712],[86.706,26.707],[86.685,26.688],[86.67,26.694],[86.665,26.704],[86.657,26.692],[86.634,26.699],[86.627,26.69],[86.616,26.695],[86.611,26.689],[86.602,26.7],[86.586,26.696],[86.583,26.712],[86.572,26.722],[86.574,26.74],[86.553,26.746],[86.573,26.768],[86.578,26.784],[86.567,26.781],[86.564,26.791],[86.539,26.783],[86.53,26.791],[86.553,26.815],[86.552,26.835],[86.52,26.832],[86.518,26.843],[86.513,26.84],[86.505,26.856],[86.496,26.857],[86.488,26.869],[86.48,26.871],[86.48,26.889],[86.457,26.887],[86.418,26.906],[86.384,26.909],[86.366,26.873],[86.288,26.887],[86.271,26.883],[86.247,26.864],[86.227,26.881],[86.187,26.895],[86.157,26.917],[86.156,26.926],[86.157,26.93],[86.221,26.889],[86.224,26.904],[86.242,26.906],[86.246,26.915],[86.258,26.913],[86.261,26.925],[86.278,26.934],[86.283,26.949],[86.315,26.963],[86.354,26.965],[86.366,26.982],[86.374,27.023],[86.383,27.031],[86.367,27.038],[86.363,27.054],[86.346,27.066],[86.355,27.075],[86.363,27.1],[86.341,27.107],[86.323,27.099],[86.306,27.109],[86.326,27.111],[86.343,27.147],[86.368,27.141],[86.385,27.176],[86.4,27.177]]]}}]}